Strike,Call,Put,Expiry,Date
310.0,0,10000,2026-09-23,2026-09-23
280.0,299,499,2026-09-24,2026-09-23
285.0,227,278,2026-09-24,2026-09-23
290.0,34,374,2026-09-24,2026-09-23
295.0,26,4032,2026-09-24,2026-09-23
300.0,66,598,2026-09-24,2026-09-23
305.0,73,252,2026-09-24,2026-09-23
307.5,61,37,2026-09-24,2026-09-23
310.0,61,209,2026-09-24,2026-09-23
312.5,47,152,2026-09-24,2026-09-23
315.0,71,372,2026-09-24,2026-09-23
317.5,35,84,2026-09-24,2026-09-23
320.0,26,588,2026-09-24,2026-09-23
322.5,69,1134,2026-09-24,2026-09-23
325.0,52,332,2026-09-24,2026-09-23
327.5,65,539,2026-09-24,2026-09-23
330.0,43,1714,2026-09-24,2026-09-23
332.5,54,526,2026-09-24,2026-09-23
335.0,87,372,2026-09-24,2026-09-23
337.5,68,399,2026-09-24,2026-09-23
340.0,56,3049,2026-09-24,2026-09-23
342.5,36,857,2026-09-24,2026-09-23
345.0,58,1913,2026-09-24,2026-09-23
347.5,32,787,2026-09-24,2026-09-23
350.0,205,1516,2026-09-24,2026-09-23
352.5,54,765,2026-09-24,2026-09-23
355.0,260,2891,2026-09-24,2026-09-23
357.5,641,1360,2026-09-24,2026-09-23
360.0,651,3040,2026-09-24,2026-09-23
362.5,576,1872,2026-09-24,2026-09-23
365.0,1462,3691,2026-09-24,2026-09-23
367.5,1362,2557,2026-09-24,2026-09-23
370.0,1936,6527,2026-09-24,2026-09-23
372.5,1583,13482,2026-09-24,2026-09-23
375.0,4246,6841,2026-09-24,2026-09-23
377.5,4200,3412,2026-09-24,2026-09-23
380.0,8621,1522,2026-09-24,2026-09-23
382.5,5207,616,2026-09-24,2026-09-23
385.0,8932,396,2026-09-24,2026-09-23
387.5,3447,276,2026-09-24,2026-09-23
390.0,11675,251,2026-09-24,2026-09-23
392.5,2523,68,2026-09-24,2026-09-23
395.0,3724,221,2026-09-24,2026-09-23
397.5,2456,31,2026-09-24,2026-09-23
400.0,11985,185,2026-09-24,2026-09-23
402.5,1547,43,2026-09-24,2026-09-23
405.0,2792,0,2026-09-24,2026-09-23
407.5,1114,1,2026-09-24,2026-09-23
410.0,5864,1,2026-09-24,2026-09-23
412.5,1038,0,2026-09-24,2026-09-23
415.0,502,0,2026-09-24,2026-09-23
417.5,510,0,2026-09-24,2026-09-23
420.0,904,0,2026-09-24,2026-09-23
422.5,226,0,2026-09-24,2026-09-23
425.0,473,0,2026-09-24,2026-09-23
427.5,1174,0,2026-09-24,2026-09-23
430.0,1401,0,2026-09-24,2026-09-23
432.5,457,0,2026-09-24,2026-09-23
392.02,5101,5101,2026-09-25,2026-09-23
50.0,26,31,2026-09-26,2026-09-23
60.0,0,0,2026-09-26,2026-09-23
70.0,0,0,2026-09-26,2026-09-23
80.0,0,288,2026-09-26,2026-09-23
90.0,5,0,2026-09-26,2026-09-23
100.0,5,216,2026-09-26,2026-09-23
110.0,3,153,2026-09-26,2026-09-23
120.0,2,34,2026-09-26,2026-09-23
130.0,83,9986,2026-09-26,2026-09-23
140.0,7,20168,2026-09-26,2026-09-23
150.0,3,13971,2026-09-26,2026-09-23
160.0,1,37444,2026-09-26,2026-09-23
170.0,17,3139,2026-09-26,2026-09-23
180.0,27,10471,2026-09-26,2026-09-23
190.0,1,1495,2026-09-26,2026-09-23
200.0,187,2116,2026-09-26,2026-09-23
210.0,38,1864,2026-09-26,2026-09-23
220.0,331,19157,2026-09-26,2026-09-23
230.0,12,6222,2026-09-26,2026-09-23
235.0,2,896,2026-09-26,2026-09-23
240.0,76,1118,2026-09-26,2026-09-23
245.0,0,1518,2026-09-26,2026-09-23
250.0,151,2998,2026-09-26,2026-09-23
255.0,81,2218,2026-09-26,2026-09-23
260.0,51,650,2026-09-26,2026-09-23
265.0,65,482,2026-09-26,2026-09-23
270.0,43,2001,2026-09-26,2026-09-23
275.0,29,1505,2026-09-26,2026-09-23
280.0,41,4196,2026-09-26,2026-09-23
285.0,20,1546,2026-09-26,2026-09-23
290.0,162,2654,2026-09-26,2026-09-23
295.0,165,1454,2026-09-26,2026-09-23
300.0,332,3618,2026-09-26,2026-09-23
302.5,10,320,2026-09-26,2026-09-23
305.0,97,1937,2026-09-26,2026-09-23
307.5,10,247,2026-09-26,2026-09-23
310.0,4000,4000,2026-09-26,2026-09-23
310.0,156,4727,2026-09-26,2026-09-23
312.5,9,267,2026-09-26,2026-09-23
315.0,264,2953,2026-09-26,2026-09-23
317.5,16,575,2026-09-26,2026-09-23
320.0,3143,3143,2026-09-26,2026-09-23
320.0,164,3485,2026-09-26,2026-09-23
322.5,51,379,2026-09-26,2026-09-23
325.0,176,1750,2026-09-26,2026-09-23
327.5,11,1149,2026-09-26,2026-09-23
330.0,9000,9000,2026-09-26,2026-09-23
330.0,712,2962,2026-09-26,2026-09-23
332.5,42,952,2026-09-26,2026-09-23
335.0,340,2891,2026-09-26,2026-09-23
337.5,58,863,2026-09-26,2026-09-23
340.0,540,4162,2026-09-26,2026-09-23
342.5,105,1111,2026-09-26,2026-09-23
345.0,587,4190,2026-09-26,2026-09-23
347.5,81,1406,2026-09-26,2026-09-23
350.0,1781,5470,2026-09-26,2026-09-23
352.5,238,1704,2026-09-26,2026-09-23
355.0,2231,5407,2026-09-26,2026-09-23
357.5,1825,1701,2026-09-26,2026-09-23
360.0,2935,5531,2026-09-26,2026-09-23
362.5,2677,2371,2026-09-26,2026-09-23
365.0,3138,4004,2026-09-26,2026-09-23
367.5,16624,1597,2026-09-26,2026-09-23
370.0,9366,5297,2026-09-26,2026-09-23
372.5,1715,1433,2026-09-26,2026-09-23
373.52,529,0,2026-09-26,2026-09-23
375.0,5513,3858,2026-09-26,2026-09-23
377.5,2765,2290,2026-09-26,2026-09-23
380.0,50,0,2026-09-26,2026-09-23
380.0,12826,1502,2026-09-26,2026-09-23
382.5,9542,390,2026-09-26,2026-09-23
385.0,10915,801,2026-09-26,2026-09-23
387.5,3125,153,2026-09-26,2026-09-23
390.0,9568,564,2026-09-26,2026-09-23
392.5,2815,24,2026-09-26,2026-09-23
395.0,8997,52,2026-09-26,2026-09-23
397.5,2731,15,2026-09-26,2026-09-23
400.0,18394,502,2026-09-26,2026-09-23
402.5,3571,19,2026-09-26,2026-09-23
405.0,6690,73,2026-09-26,2026-09-23
407.5,2978,3,2026-09-26,2026-09-23
410.0,6427,25,2026-09-26,2026-09-23
412.5,817,0,2026-09-26,2026-09-23
415.0,2748,18,2026-09-26,2026-09-23
417.5,564,0,2026-09-26,2026-09-23
420.0,4248,7,2026-09-26,2026-09-23
422.5,293,0,2026-09-26,2026-09-23
425.0,3220,4,2026-09-26,2026-09-23
427.5,186,1,2026-09-26,2026-09-23
430.0,2423,0,2026-09-26,2026-09-23
432.5,195,0,2026-09-26,2026-09-23
435.0,2219,0,2026-09-26,2026-09-23
437.5,404,0,2026-09-26,2026-09-23
440.0,2344,0,2026-09-26,2026-09-23
442.5,942,0,2026-09-26,2026-09-23
445.0,1143,0,2026-09-26,2026-09-23
447.5,53,0,2026-09-26,2026-09-23
450.0,2387,0,2026-09-26,2026-09-23
455.0,855,0,2026-09-26,2026-09-23
460.0,745,0,2026-09-26,2026-09-23
465.0,1719,0,2026-09-26,2026-09-23
470.0,842,0,2026-09-26,2026-09-23
475.0,708,0,2026-09-26,2026-09-23
480.0,359,0,2026-09-26,2026-09-23
485.0,393,0,2026-09-26,2026-09-23
490.0,1174,1,2026-09-26,2026-09-23
495.0,898,1,2026-09-26,2026-09-23
500.0,3392,0,2026-09-26,2026-09-23
505.0,612,0,2026-09-26,2026-09-23
510.0,870,0,2026-09-26,2026-09-23
515.0,975,0,2026-09-26,2026-09-23
520.0,803,0,2026-09-26,2026-09-23
525.0,2513,0,2026-09-26,2026-09-23
530.0,657,0,2026-09-26,2026-09-23
535.0,993,0,2026-09-26,2026-09-23
540.0,256,0,2026-09-26,2026-09-23
545.0,281,0,2026-09-26,2026-09-23
550.0,233,0,2026-09-26,2026-09-23
555.0,356,0,2026-09-26,2026-09-23
560.0,347,0,2026-09-26,2026-09-23
565.0,32,0,2026-09-26,2026-09-23
570.0,46,0,2026-09-26,2026-09-23
575.0,96,0,2026-09-26,2026-09-23
580.0,146,0,2026-09-26,2026-09-23
585.0,225,0,2026-09-26,2026-09-23
590.0,90,0,2026-09-26,2026-09-23
595.0,117,0,2026-09-26,2026-09-23
600.0,423,0,2026-09-26,2026-09-23
605.0,1804,0,2026-09-26,2026-09-23
610.0,383,0,2026-09-26,2026-09-23
615.0,2017,0,2026-09-26,2026-09-23
280.0,0,202,2026-09-29,2026-09-23
285.0,0,13,2026-09-29,2026-09-23
290.0,1,65,2026-09-29,2026-09-23
295.0,0,235,2026-09-29,2026-09-23
300.0,0,125,2026-09-29,2026-09-23
305.0,0,11,2026-09-29,2026-09-23
307.5,1,9,2026-09-29,2026-09-23
310.0,0,36,2026-09-29,2026-09-23
312.5,0,20,2026-09-29,2026-09-23
315.0,1,90,2026-09-29,2026-09-23
317.5,0,3,2026-09-29,2026-09-23
320.0,6,245,2026-09-29,2026-09-23
322.5,0,5,2026-09-29,2026-09-23
325.0,2,138,2026-09-29,2026-09-23
327.5,5,13,2026-09-29,2026-09-23
330.0,8,256,2026-09-29,2026-09-23
332.5,6,123,2026-09-29,2026-09-23
335.0,29,141,2026-09-29,2026-09-23
337.5,3,64,2026-09-29,2026-09-23
340.0,16,389,2026-09-29,2026-09-23
342.5,15,46,2026-09-29,2026-09-23
345.0,32,322,2026-09-29,2026-09-23
347.5,14,239,2026-09-29,2026-09-23
350.0,44,668,2026-09-29,2026-09-23
352.5,38,296,2026-09-29,2026-09-23
355.0,88,863,2026-09-29,2026-09-23
357.5,375,213,2026-09-29,2026-09-23
360.0,525,889,2026-09-29,2026-09-23
362.5,356,280,2026-09-29,2026-09-23
365.0,431,778,2026-09-29,2026-09-23
367.5,245,376,2026-09-29,2026-09-23
370.0,393,645,2026-09-29,2026-09-23
372.5,179,633,2026-09-29,2026-09-23
375.0,968,1203,2026-09-29,2026-09-23
377.5,629,991,2026-09-29,2026-09-23
380.0,1769,372,2026-09-29,2026-09-23
382.5,708,81,2026-09-29,2026-09-23
385.0,707,26,2026-09-29,2026-09-23
387.5,379,8,2026-09-29,2026-09-23
390.0,1118,48,2026-09-29,2026-09-23
392.5,153,29,2026-09-29,2026-09-23
395.0,561,6,2026-09-29,2026-09-23
397.5,192,5,2026-09-29,2026-09-23
400.0,1737,3,2026-09-29,2026-09-23
402.5,286,0,2026-09-29,2026-09-23
405.0,1241,5,2026-09-29,2026-09-23
407.5,143,2,2026-09-29,2026-09-23
410.0,1917,0,2026-09-29,2026-09-23
412.5,67,0,2026-09-29,2026-09-23
415.0,1203,4,2026-09-29,2026-09-23
417.5,423,0,2026-09-29,2026-09-23
420.0,1031,5,2026-09-29,2026-09-23
422.5,300,0,2026-09-29,2026-09-23
425.0,468,15,2026-09-29,2026-09-23
430.0,363,0,2026-09-29,2026-09-23
435.0,646,1,2026-09-29,2026-09-23
280.0,0,52,2026-10-01,2026-09-23
285.0,0,14,2026-10-01,2026-09-23
290.0,0,20,2026-10-01,2026-09-23
295.0,0,121,2026-10-01,2026-09-23
300.0,6,94,2026-10-01,2026-09-23
302.5,0,2,2026-10-01,2026-09-23
305.0,4,76,2026-10-01,2026-09-23
307.5,0,35,2026-10-01,2026-09-23
310.0,3,48,2026-10-01,2026-09-23
312.5,0,2,2026-10-01,2026-09-23
315.0,5,48,2026-10-01,2026-09-23
317.5,10,5,2026-10-01,2026-09-23
320.0,12,238,2026-10-01,2026-09-23
322.5,9,24,2026-10-01,2026-09-23
325.0,17,77,2026-10-01,2026-09-23
327.5,6,7,2026-10-01,2026-09-23
330.0,4,365,2026-10-01,2026-09-23
332.5,0,17,2026-10-01,2026-09-23
335.0,20,132,2026-10-01,2026-09-23
337.5,22,60,2026-10-01,2026-09-23
340.0,15,194,2026-10-01,2026-09-23
342.5,26,85,2026-10-01,2026-09-23
345.0,41,230,2026-10-01,2026-09-23
347.5,55,95,2026-10-01,2026-09-23
350.0,32,347,2026-10-01,2026-09-23
352.5,9,71,2026-10-01,2026-09-23
355.0,153,472,2026-10-01,2026-09-23
357.5,66,262,2026-10-01,2026-09-23
360.0,196,422,2026-10-01,2026-09-23
362.5,255,333,2026-10-01,2026-09-23
365.0,573,546,2026-10-01,2026-09-23
367.5,259,406,2026-10-01,2026-09-23
370.0,415,925,2026-10-01,2026-09-23
372.5,278,840,2026-10-01,2026-09-23
375.0,390,1240,2026-10-01,2026-09-23
377.5,512,1546,2026-10-01,2026-09-23
380.0,1017,336,2026-10-01,2026-09-23
382.5,353,127,2026-10-01,2026-09-23
385.0,625,68,2026-10-01,2026-09-23
387.5,411,10,2026-10-01,2026-09-23
390.0,833,19,2026-10-01,2026-09-23
392.5,172,7,2026-10-01,2026-09-23
395.0,763,4,2026-10-01,2026-09-23
397.5,325,2,2026-10-01,2026-09-23
400.0,1759,3,2026-10-01,2026-09-23
402.5,113,1,2026-10-01,2026-09-23
405.0,201,8,2026-10-01,2026-09-23
407.5,30,0,2026-10-01,2026-09-23
410.0,441,2,2026-10-01,2026-09-23
412.5,54,0,2026-10-01,2026-09-23
415.0,236,1,2026-10-01,2026-09-23
417.5,39,3,2026-10-01,2026-09-23
420.0,532,4,2026-10-01,2026-09-23
422.5,15,0,2026-10-01,2026-09-23
425.0,181,0,2026-10-01,2026-09-23
427.5,46,0,2026-10-01,2026-09-23
430.0,416,1,2026-10-01,2026-09-23
435.0,240,0,2026-10-01,2026-09-23
500.0,60,0,2026-10-01,2026-09-23
355.0,5155,5155,2026-10-02,2026-09-23
422.03,4159,4159,2026-10-02,2026-09-23
50.0,0,0,2026-10-03,2026-09-23
60.0,0,65,2026-10-03,2026-09-23
70.0,0,52,2026-10-03,2026-09-23
80.0,1,16,2026-10-03,2026-09-23
90.0,0,18,2026-10-03,2026-09-23
100.0,2,234,2026-10-03,2026-09-23
110.0,0,322,2026-10-03,2026-09-23
120.0,0,50,2026-10-03,2026-09-23
130.0,5,169,2026-10-03,2026-09-23
140.0,6,94,2026-10-03,2026-09-23
150.0,8,1736,2026-10-03,2026-09-23
160.0,0,914,2026-10-03,2026-09-23
170.0,1,792,2026-10-03,2026-09-23
180.0,0,669,2026-10-03,2026-09-23
190.0,0,992,2026-10-03,2026-09-23
200.0,19,27908,2026-10-03,2026-09-23
210.0,23,642,2026-10-03,2026-09-23
220.0,6,7408,2026-10-03,2026-09-23
230.0,5,1767,2026-10-03,2026-09-23
235.0,1,184,2026-10-03,2026-09-23
240.0,547,800,2026-10-03,2026-09-23
245.0,1,740,2026-10-03,2026-09-23
250.0,48,549,2026-10-03,2026-09-23
255.0,2,219,2026-10-03,2026-09-23
260.0,4,627,2026-10-03,2026-09-23
265.0,3,165,2026-10-03,2026-09-23
270.0,33,472,2026-10-03,2026-09-23
275.0,38,373,2026-10-03,2026-09-23
280.0,44,773,2026-10-03,2026-09-23
285.0,65,995,2026-10-03,2026-09-23
290.0,31,7752,2026-10-03,2026-09-23
292.5,2,61,2026-10-03,2026-09-23
295.0,59,532,2026-10-03,2026-09-23
297.5,35,2,2026-10-03,2026-09-23
300.0,98,1792,2026-10-03,2026-09-23
302.5,0,16,2026-10-03,2026-09-23
305.0,93,862,2026-10-03,2026-09-23
307.5,0,30,2026-10-03,2026-09-23
310.0,82,2193,2026-10-03,2026-09-23
312.5,0,31,2026-10-03,2026-09-23
315.0,96,1487,2026-10-03,2026-09-23
317.5,6,79,2026-10-03,2026-09-23
320.0,129,2386,2026-10-03,2026-09-23
322.5,5,105,2026-10-03,2026-09-23
325.0,47,2038,2026-10-03,2026-09-23
327.5,27,133,2026-10-03,2026-09-23
330.0,16682,16682,2026-10-03,2026-09-23
330.0,408,1484,2026-10-03,2026-09-23
332.5,33,140,2026-10-03,2026-09-23
335.0,460,460,2026-10-03,2026-09-23
335.0,329,1520,2026-10-03,2026-09-23
337.5,6,319,2026-10-03,2026-09-23
340.0,11000,11000,2026-10-03,2026-09-23
340.0,638,2318,2026-10-03,2026-09-23
342.5,31,268,2026-10-03,2026-09-23
345.0,5000,5000,2026-10-03,2026-09-23
345.0,388,1470,2026-10-03,2026-09-23
347.5,64,356,2026-10-03,2026-09-23
350.0,817,2761,2026-10-03,2026-09-23
352.5,132,324,2026-10-03,2026-09-23
355.0,3166,1208,2026-10-03,2026-09-23
357.5,289,482,2026-10-03,2026-09-23
360.0,16608,2016,2026-10-03,2026-09-23
362.5,288,1054,2026-10-03,2026-09-23
365.0,1575,1265,2026-10-03,2026-09-23
367.5,693,460,2026-10-03,2026-09-23
370.0,4023,1996,2026-10-03,2026-09-23
372.5,746,363,2026-10-03,2026-09-23
375.0,3515,1775,2026-10-03,2026-09-23
377.5,931,439,2026-10-03,2026-09-23
380.0,4420,1083,2026-10-03,2026-09-23
382.5,1044,143,2026-10-03,2026-09-23
385.0,5985,301,2026-10-03,2026-09-23
387.5,1558,129,2026-10-03,2026-09-23
390.0,3200,417,2026-10-03,2026-09-23
392.5,50,0,2026-10-03,2026-09-23
392.5,913,35,2026-10-03,2026-09-23
395.0,1709,81,2026-10-03,2026-09-23
397.5,234,4,2026-10-03,2026-09-23
400.0,6544,211,2026-10-03,2026-09-23
402.5,261,22,2026-10-03,2026-09-23
405.0,3432,47,2026-10-03,2026-09-23
407.5,357,23,2026-10-03,2026-09-23
410.0,2955,51,2026-10-03,2026-09-23
412.5,219,0,2026-10-03,2026-09-23
415.0,1687,14,2026-10-03,2026-09-23
417.5,193,0,2026-10-03,2026-09-23
420.0,3022,48,2026-10-03,2026-09-23
422.5,231,0,2026-10-03,2026-09-23
425.0,1173,17,2026-10-03,2026-09-23
427.5,94,53,2026-10-03,2026-09-23
430.0,1428,11,2026-10-03,2026-09-23
432.5,49,1,2026-10-03,2026-09-23
435.0,1136,37,2026-10-03,2026-09-23
437.5,242,0,2026-10-03,2026-09-23
440.0,1167,31,2026-10-03,2026-09-23
442.5,43,0,2026-10-03,2026-09-23
445.0,502,2,2026-10-03,2026-09-23
450.0,3123,2,2026-10-03,2026-09-23
455.0,564,0,2026-10-03,2026-09-23
460.0,562,0,2026-10-03,2026-09-23
465.0,2173,0,2026-10-03,2026-09-23
470.0,1022,0,2026-10-03,2026-09-23
475.0,367,0,2026-10-03,2026-09-23
480.0,2350,0,2026-10-03,2026-09-23
485.0,593,0,2026-10-03,2026-09-23
490.0,263,0,2026-10-03,2026-09-23
495.0,361,0,2026-10-03,2026-09-23
500.0,1371,0,2026-10-03,2026-09-23
505.0,241,0,2026-10-03,2026-09-23
510.0,422,0,2026-10-03,2026-09-23
515.0,372,0,2026-10-03,2026-09-23
520.0,491,0,2026-10-03,2026-09-23
525.0,916,0,2026-10-03,2026-09-23
530.0,185,0,2026-10-03,2026-09-23
535.0,40,0,2026-10-03,2026-09-23
540.0,313,0,2026-10-03,2026-09-23
545.0,64,0,2026-10-03,2026-09-23
550.0,255,0,2026-10-03,2026-09-23
555.0,203,0,2026-10-03,2026-09-23
560.0,136,0,2026-10-03,2026-09-23
565.0,87,0,2026-10-03,2026-09-23
570.0,141,0,2026-10-03,2026-09-23
575.0,16,0,2026-10-03,2026-09-23
580.0,10,0,2026-10-03,2026-09-23
585.0,125,0,2026-10-03,2026-09-23
590.0,75,0,2026-10-03,2026-09-23
595.0,15,0,2026-10-03,2026-09-23
600.0,109,0,2026-10-03,2026-09-23
605.0,43,0,2026-10-03,2026-09-23
610.0,276,0,2026-10-03,2026-09-23
615.0,534,0,2026-10-03,2026-09-23
250.0,0,10,2026-10-06,2026-09-23
255.0,0,7,2026-10-06,2026-09-23
260.0,0,0,2026-10-06,2026-09-23
265.0,0,0,2026-10-06,2026-09-23
270.0,0,4,2026-10-06,2026-09-23
275.0,0,1,2026-10-06,2026-09-23
280.0,0,3,2026-10-06,2026-09-23
285.0,0,0,2026-10-06,2026-09-23
290.0,0,10,2026-10-06,2026-09-23
295.0,0,0,2026-10-06,2026-09-23
300.0,0,13,2026-10-06,2026-09-23
305.0,3,8,2026-10-06,2026-09-23
310.0,3,6,2026-10-06,2026-09-23
315.0,0,139,2026-10-06,2026-09-23
320.0,0,6,2026-10-06,2026-09-23
325.0,0,70,2026-10-06,2026-09-23
330.0,4,19,2026-10-06,2026-09-23
335.0,1,24,2026-10-06,2026-09-23
337.5,2,13,2026-10-06,2026-09-23
340.0,18,48,2026-10-06,2026-09-23
342.5,1,5,2026-10-06,2026-09-23
345.0,5,60,2026-10-06,2026-09-23
347.5,2,15,2026-10-06,2026-09-23
350.0,12,102,2026-10-06,2026-09-23
352.5,6,11,2026-10-06,2026-09-23
355.0,3,186,2026-10-06,2026-09-23
357.5,1,127,2026-10-06,2026-09-23
360.0,39,95,2026-10-06,2026-09-23
362.5,3,3,2026-10-06,2026-09-23
365.0,39,74,2026-10-06,2026-09-23
367.5,4,12,2026-10-06,2026-09-23
370.0,53,100,2026-10-06,2026-09-23
372.5,12,20,2026-10-06,2026-09-23
375.0,115,1019,2026-10-06,2026-09-23
377.5,87,33,2026-10-06,2026-09-23
380.0,571,283,2026-10-06,2026-09-23
382.5,91,3,2026-10-06,2026-09-23
385.0,96,24,2026-10-06,2026-09-23
387.5,7,0,2026-10-06,2026-09-23
390.0,293,23,2026-10-06,2026-09-23
392.5,6,0,2026-10-06,2026-09-23
395.0,795,7,2026-10-06,2026-09-23
397.5,2,0,2026-10-06,2026-09-23
400.0,67,0,2026-10-06,2026-09-23
402.5,26,2,2026-10-06,2026-09-23
405.0,22,2,2026-10-06,2026-09-23
407.5,12,1,2026-10-06,2026-09-23
410.0,29,1,2026-10-06,2026-09-23
412.5,52,0,2026-10-06,2026-09-23
415.0,13,4,2026-10-06,2026-09-23
420.0,227,1,2026-10-06,2026-09-23
425.0,25,0,2026-10-06,2026-09-23
430.0,20,0,2026-10-06,2026-09-23
435.0,157,0,2026-10-06,2026-09-23
450.02,2917,2917,2026-10-07,2026-09-23
440.09,3,0,2026-10-09,2026-09-23
50.0,30,1,2026-10-10,2026-09-23
60.0,0,0,2026-10-10,2026-09-23
70.0,0,0,2026-10-10,2026-09-23
80.0,0,0,2026-10-10,2026-09-23
90.0,0,0,2026-10-10,2026-09-23
100.0,19,7,2026-10-10,2026-09-23
110.0,0,26,2026-10-10,2026-09-23
120.0,0,13,2026-10-10,2026-09-23
130.0,0,40,2026-10-10,2026-09-23
140.0,0,54,2026-10-10,2026-09-23
150.0,7,28,2026-10-10,2026-09-23
160.0,0,46,2026-10-10,2026-09-23
170.0,0,550,2026-10-10,2026-09-23
180.0,0,102,2026-10-10,2026-09-23
190.0,0,215,2026-10-10,2026-09-23
200.0,3,127,2026-10-10,2026-09-23
210.0,0,146,2026-10-10,2026-09-23
220.0,0,1823,2026-10-10,2026-09-23
230.0,0,149,2026-10-10,2026-09-23
235.0,0,36,2026-10-10,2026-09-23
240.0,1,127,2026-10-10,2026-09-23
245.0,0,168,2026-10-10,2026-09-23
250.0,14,628,2026-10-10,2026-09-23
255.0,13,55,2026-10-10,2026-09-23
260.0,37,378,2026-10-10,2026-09-23
265.0,34,360,2026-10-10,2026-09-23
270.0,23,259,2026-10-10,2026-09-23
275.0,29,82,2026-10-10,2026-09-23
280.0,42,3335,2026-10-10,2026-09-23
285.0,13,270,2026-10-10,2026-09-23
290.0,36,406,2026-10-10,2026-09-23
295.0,10,378,2026-10-10,2026-09-23
300.0,66,916,2026-10-10,2026-09-23
305.0,45,541,2026-10-10,2026-09-23
310.0,19,345,2026-10-10,2026-09-23
315.0,25,465,2026-10-10,2026-09-23
320.0,3935,3935,2026-10-10,2026-09-23
320.0,81,831,2026-10-10,2026-09-23
325.0,106,629,2026-10-10,2026-09-23
330.0,1500,1500,2026-10-10,2026-09-23
330.0,264,948,2026-10-10,2026-09-23
335.0,193,305,2026-10-10,2026-09-23
340.0,144,986,2026-10-10,2026-09-23
345.0,142,442,2026-10-10,2026-09-23
347.5,1,35,2026-10-10,2026-09-23
350.0,467,1009,2026-10-10,2026-09-23
352.5,2,43,2026-10-10,2026-09-23
355.0,508,764,2026-10-10,2026-09-23
357.5,2,25,2026-10-10,2026-09-23
360.0,722,581,2026-10-10,2026-09-23
362.5,48,72,2026-10-10,2026-09-23
365.0,1463,1463,2026-10-10,2026-09-23
365.0,1228,391,2026-10-10,2026-09-23
367.5,92,88,2026-10-10,2026-09-23
370.0,1647,421,2026-10-10,2026-09-23
372.5,79,255,2026-10-10,2026-09-23
375.0,952,592,2026-10-10,2026-09-23
377.5,417,307,2026-10-10,2026-09-23
380.0,1757,324,2026-10-10,2026-09-23
382.5,191,11,2026-10-10,2026-09-23
385.0,1631,219,2026-10-10,2026-09-23
387.5,124,9,2026-10-10,2026-09-23
390.0,931,137,2026-10-10,2026-09-23
392.5,191,6,2026-10-10,2026-09-23
395.0,574,124,2026-10-10,2026-09-23
400.0,3188,97,2026-10-10,2026-09-23
405.0,1114,33,2026-10-10,2026-09-23
410.0,1140,28,2026-10-10,2026-09-23
415.0,1397,13,2026-10-10,2026-09-23
420.0,1123,42,2026-10-10,2026-09-23
425.0,737,6,2026-10-10,2026-09-23
430.0,952,13,2026-10-10,2026-09-23
435.0,460,5,2026-10-10,2026-09-23
440.0,791,21,2026-10-10,2026-09-23
445.0,802,8,2026-10-10,2026-09-23
450.0,1528,5,2026-10-10,2026-09-23
455.0,203,5,2026-10-10,2026-09-23
460.0,269,0,2026-10-10,2026-09-23
465.0,260,0,2026-10-10,2026-09-23
470.0,412,0,2026-10-10,2026-09-23
475.0,1296,0,2026-10-10,2026-09-23
480.0,301,0,2026-10-10,2026-09-23
485.0,185,0,2026-10-10,2026-09-23
490.0,79,0,2026-10-10,2026-09-23
495.0,52,0,2026-10-10,2026-09-23
500.0,1054,0,2026-10-10,2026-09-23
505.0,89,0,2026-10-10,2026-09-23
510.0,42,0,2026-10-10,2026-09-23
515.0,9,0,2026-10-10,2026-09-23
520.0,51,0,2026-10-10,2026-09-23
525.0,199,0,2026-10-10,2026-09-23
530.0,22,0,2026-10-10,2026-09-23
535.0,24,0,2026-10-10,2026-09-23
540.0,59,0,2026-10-10,2026-09-23
545.0,23,0,2026-10-10,2026-09-23
550.0,22,0,2026-10-10,2026-09-23
555.0,72,0,2026-10-10,2026-09-23
560.0,31,0,2026-10-10,2026-09-23
565.0,12,0,2026-10-10,2026-09-23
570.0,216,0,2026-10-10,2026-09-23
575.0,23,0,2026-10-10,2026-09-23
580.0,111,0,2026-10-10,2026-09-23
585.0,14,0,2026-10-10,2026-09-23
590.0,61,0,2026-10-10,2026-09-23
595.0,8,0,2026-10-10,2026-09-23
600.0,146,0,2026-10-10,2026-09-23
605.0,29,0,2026-10-10,2026-09-23
610.0,25,0,2026-10-10,2026-09-23
615.0,149,0,2026-10-10,2026-09-23
50.0,47,5608,2026-10-17,2026-09-23
55.0,0,4046,2026-10-17,2026-09-23
60.0,1,2882,2026-10-17,2026-09-23
65.0,0,595,2026-10-17,2026-09-23
70.0,0,1153,2026-10-17,2026-09-23
75.0,0,433,2026-10-17,2026-09-23
80.0,0,1223,2026-10-17,2026-09-23
85.0,0,162,2026-10-17,2026-09-23
90.0,1,594,2026-10-17,2026-09-23
95.0,0,625,2026-10-17,2026-09-23
100.0,237,3269,2026-10-17,2026-09-23
105.0,154,865,2026-10-17,2026-09-23
110.0,148,1319,2026-10-17,2026-09-23
115.0,70,457,2026-10-17,2026-09-23
120.0,350,2013,2026-10-17,2026-09-23
125.0,63,227,2026-10-17,2026-09-23
130.0,177,688,2026-10-17,2026-09-23
135.0,104,257,2026-10-17,2026-09-23
140.0,45,133,2026-10-17,2026-09-23
145.0,86,241,2026-10-17,2026-09-23
150.0,38,2541,2026-10-17,2026-09-23
155.0,185,56,2026-10-17,2026-09-23
160.0,2,251,2026-10-17,2026-09-23
165.0,249,211,2026-10-17,2026-09-23
170.0,3,510,2026-10-17,2026-09-23
175.0,479,544,2026-10-17,2026-09-23
180.0,892,3957,2026-10-17,2026-09-23
185.0,31,374,2026-10-17,2026-09-23
190.0,61,358,2026-10-17,2026-09-23
195.0,56,1279,2026-10-17,2026-09-23
200.0,411,3779,2026-10-17,2026-09-23
205.0,36,232,2026-10-17,2026-09-23
210.0,89,1427,2026-10-17,2026-09-23
215.0,64,791,2026-10-17,2026-09-23
220.0,554,1155,2026-10-17,2026-09-23
225.0,77,767,2026-10-17,2026-09-23
230.0,128,480,2026-10-17,2026-09-23
235.0,77,1397,2026-10-17,2026-09-23
240.0,229,2238,2026-10-17,2026-09-23
245.0,187,844,2026-10-17,2026-09-23
250.0,261,5064,2026-10-17,2026-09-23
255.0,79,1578,2026-10-17,2026-09-23
260.0,59,3998,2026-10-17,2026-09-23
265.0,81,1576,2026-10-17,2026-09-23
270.0,133,2317,2026-10-17,2026-09-23
275.0,188,2701,2026-10-17,2026-09-23
280.0,0,47,2026-10-17,2026-09-23
280.0,169,7204,2026-10-17,2026-09-23
285.0,84,1790,2026-10-17,2026-09-23
290.0,173,4391,2026-10-17,2026-09-23
295.0,118,4186,2026-10-17,2026-09-23
300.0,771,10911,2026-10-17,2026-09-23
305.0,2000,2000,2026-10-17,2026-09-23
305.0,546,3879,2026-10-17,2026-09-23
306.5,10,10,2026-10-17,2026-09-23
310.0,50,50,2026-10-17,2026-09-23
310.0,2007,4266,2026-10-17,2026-09-23
311.0,1750,1750,2026-10-17,2026-09-23
315.0,435,3900,2026-10-17,2026-09-23
320.0,2000,2000,2026-10-17,2026-09-23
320.0,1657,10910,2026-10-17,2026-09-23
325.0,16250,16250,2026-10-17,2026-09-23
325.0,1431,5100,2026-10-17,2026-09-23
330.0,11650,11650,2026-10-17,2026-09-23
330.0,2460,11248,2026-10-17,2026-09-23
335.0,47,0,2026-10-17,2026-09-23
335.0,3139,3332,2026-10-17,2026-09-23
340.0,2061,6727,2026-10-17,2026-09-23
345.0,1000,1000,2026-10-17,2026-09-23
345.0,1263,2405,2026-10-17,2026-09-23
347.5,1,90,2026-10-17,2026-09-23
350.0,8097,8050,2026-10-17,2026-09-23
350.0,4476,7815,2026-10-17,2026-09-23
352.5,7,101,2026-10-17,2026-09-23
355.0,692,692,2026-10-17,2026-09-23
355.0,1916,2699,2026-10-17,2026-09-23
357.5,26,141,2026-10-17,2026-09-23
360.0,1807,1802,2026-10-17,2026-09-23
360.0,4682,10531,2026-10-17,2026-09-23
362.5,14,96,2026-10-17,2026-09-23
365.0,5500,5500,2026-10-17,2026-09-23
365.0,4108,3947,2026-10-17,2026-09-23
366.2,1058,1058,2026-10-17,2026-09-23
367.5,40,127,2026-10-17,2026-09-23
370.0,7050,7050,2026-10-17,2026-09-23
370.0,4104,7100,2026-10-17,2026-09-23
372.5,117,342,2026-10-17,2026-09-23
375.0,8885,8881,2026-10-17,2026-09-23
375.0,4357,3443,2026-10-17,2026-09-23
377.5,257,294,2026-10-17,2026-09-23
380.0,9829,10326,2026-10-17,2026-09-23
382.5,446,77,2026-10-17,2026-09-23
385.0,3399,1425,2026-10-17,2026-09-23
387.5,381,11,2026-10-17,2026-09-23
390.0,4305,3852,2026-10-17,2026-09-23
392.5,165,47,2026-10-17,2026-09-23
395.0,53,53,2026-10-17,2026-09-23
395.0,3707,2274,2026-10-17,2026-09-23
400.0,16502,7395,2026-10-17,2026-09-23
405.0,1,0,2026-10-17,2026-09-23
405.0,2126,354,2026-10-17,2026-09-23
410.0,5105,1399,2026-10-17,2026-09-23
415.0,5,0,2026-10-17,2026-09-23
415.0,2899,791,2026-10-17,2026-09-23
420.0,2010,2000,2026-10-17,2026-09-23
420.0,10462,2307,2026-10-17,2026-09-23
425.0,4701,1062,2026-10-17,2026-09-23
430.0,9073,558,2026-10-17,2026-09-23
435.0,2543,1031,2026-10-17,2026-09-23
440.0,3000,3000,2026-10-17,2026-09-23
440.0,4102,345,2026-10-17,2026-09-23
445.0,2080,219,2026-10-17,2026-09-23
450.0,8618,2990,2026-10-17,2026-09-23
455.0,3211,24,2026-10-17,2026-09-23
460.0,6424,506,2026-10-17,2026-09-23
465.0,24,0,2026-10-17,2026-09-23
465.0,3344,25,2026-10-17,2026-09-23
470.0,2015,63,2026-10-17,2026-09-23
475.0,0,0,2026-10-17,2026-09-23
475.0,2560,904,2026-10-17,2026-09-23
480.0,0,0,2026-10-17,2026-09-23
480.0,2064,4,2026-10-17,2026-09-23
485.0,627,0,2026-10-17,2026-09-23
490.0,802,0,2026-10-17,2026-09-23
495.0,4311,0,2026-10-17,2026-09-23
500.0,12034,1,2026-10-17,2026-09-23
505.0,429,0,2026-10-17,2026-09-23
510.0,3273,0,2026-10-17,2026-09-23
515.0,1824,0,2026-10-17,2026-09-23
520.0,5297,0,2026-10-17,2026-09-23
525.0,3236,0,2026-10-17,2026-09-23
530.0,1504,0,2026-10-17,2026-09-23
535.0,353,0,2026-10-17,2026-09-23
540.0,1498,0,2026-10-17,2026-09-23
545.0,907,0,2026-10-17,2026-09-23
550.0,5534,0,2026-10-17,2026-09-23
555.0,727,0,2026-10-17,2026-09-23
560.0,1142,0,2026-10-17,2026-09-23
570.0,1637,0,2026-10-17,2026-09-23
580.0,4127,0,2026-10-17,2026-09-23
590.0,947,0,2026-10-17,2026-09-23
600.0,0,0,2026-10-17,2026-09-23
600.0,7279,0,2026-10-17,2026-09-23
610.0,1105,0,2026-10-17,2026-09-23
620.0,357,0,2026-10-17,2026-09-23
630.0,1546,0,2026-10-17,2026-09-23
640.0,354,0,2026-10-17,2026-09-23
650.0,47,0,2026-10-17,2026-09-23
650.0,1193,0,2026-10-17,2026-09-23
660.0,260,0,2026-10-17,2026-09-23
670.0,1355,0,2026-10-17,2026-09-23
680.0,1647,0,2026-10-17,2026-09-23
690.0,292,0,2026-10-17,2026-09-23
700.0,1594,0,2026-10-17,2026-09-23
710.0,387,0,2026-10-17,2026-09-23
720.0,307,0,2026-10-17,2026-09-23
730.0,241,0,2026-10-17,2026-09-23
740.0,77,0,2026-10-17,2026-09-23
750.0,850,0,2026-10-17,2026-09-23
760.0,328,0,2026-10-17,2026-09-23
770.0,286,0,2026-10-17,2026-09-23
780.0,144,0,2026-10-17,2026-09-23
790.0,45,0,2026-10-17,2026-09-23
800.0,4468,0,2026-10-17,2026-09-23
810.0,1007,0,2026-10-17,2026-09-23
820.0,1448,0,2026-10-17,2026-09-23
830.0,352,0,2026-10-17,2026-09-23
840.0,224,0,2026-10-17,2026-09-23
850.0,930,0,2026-10-17,2026-09-23
860.0,80,0,2026-10-17,2026-09-23
870.0,712,0,2026-10-17,2026-09-23
880.0,779,0,2026-10-17,2026-09-23
890.0,1478,0,2026-10-17,2026-09-23
900.0,8565,0,2026-10-17,2026-09-23
330.0,10000,10000,2026-10-21,2026-09-23
50.0,0,0,2026-10-24,2026-09-23
60.0,0,0,2026-10-24,2026-09-23
70.0,0,9,2026-10-24,2026-09-23
80.0,0,5,2026-10-24,2026-09-23
90.0,0,30,2026-10-24,2026-09-23
100.0,0,60,2026-10-24,2026-09-23
110.0,0,32,2026-10-24,2026-09-23
120.0,0,21,2026-10-24,2026-09-23
130.0,0,30,2026-10-24,2026-09-23
140.0,0,120,2026-10-24,2026-09-23
150.0,4,46,2026-10-24,2026-09-23
160.0,1,79,2026-10-24,2026-09-23
170.0,1,19,2026-10-24,2026-09-23
180.0,1,8,2026-10-24,2026-09-23
190.0,1,15,2026-10-24,2026-09-23
200.0,2,106,2026-10-24,2026-09-23
210.0,9,58,2026-10-24,2026-09-23
220.0,60,151,2026-10-24,2026-09-23
230.0,2,30,2026-10-24,2026-09-23
235.0,2,29,2026-10-24,2026-09-23
240.0,0,14,2026-10-24,2026-09-23
245.0,0,7,2026-10-24,2026-09-23
250.0,18,193,2026-10-24,2026-09-23
255.0,2,2,2026-10-24,2026-09-23
260.0,13,287,2026-10-24,2026-09-23
265.0,1,24,2026-10-24,2026-09-23
270.0,5,66,2026-10-24,2026-09-23
275.0,2,94,2026-10-24,2026-09-23
280.0,1,124,2026-10-24,2026-09-23
285.0,12,201,2026-10-24,2026-09-23
290.0,3,336,2026-10-24,2026-09-23
295.0,2,247,2026-10-24,2026-09-23
300.0,53,804,2026-10-24,2026-09-23
305.0,22,237,2026-10-24,2026-09-23
310.0,25,800,2026-10-24,2026-09-23
315.0,6,418,2026-10-24,2026-09-23
320.0,54,546,2026-10-24,2026-09-23
325.0,28,327,2026-10-24,2026-09-23
330.0,129,699,2026-10-24,2026-09-23
335.0,209,900,2026-10-24,2026-09-23
340.0,110,368,2026-10-24,2026-09-23
345.0,239,570,2026-10-24,2026-09-23
350.0,2870,2870,2026-10-24,2026-09-23
350.0,157,541,2026-10-24,2026-09-23
355.0,190,538,2026-10-24,2026-09-23
360.0,6000,6000,2026-10-24,2026-09-23
360.0,413,656,2026-10-24,2026-09-23
365.0,912,347,2026-10-24,2026-09-23
370.0,3515,3500,2026-10-24,2026-09-23
370.0,943,723,2026-10-24,2026-09-23
375.0,759,569,2026-10-24,2026-09-23
380.0,1477,572,2026-10-24,2026-09-23
385.0,683,59,2026-10-24,2026-09-23
390.0,684,77,2026-10-24,2026-09-23
395.0,362,62,2026-10-24,2026-09-23
400.0,1735,64,2026-10-24,2026-09-23
405.0,514,37,2026-10-24,2026-09-23
410.0,612,6,2026-10-24,2026-09-23
415.0,517,29,2026-10-24,2026-09-23
420.0,1141,38,2026-10-24,2026-09-23
425.0,997,13,2026-10-24,2026-09-23
430.0,738,12,2026-10-24,2026-09-23
435.0,327,3,2026-10-24,2026-09-23
440.0,579,35,2026-10-24,2026-09-23
445.0,236,10,2026-10-24,2026-09-23
450.0,1041,11,2026-10-24,2026-09-23
455.0,406,1,2026-10-24,2026-09-23
460.0,601,0,2026-10-24,2026-09-23
465.0,306,0,2026-10-24,2026-09-23
470.0,288,0,2026-10-24,2026-09-23
475.0,103,0,2026-10-24,2026-09-23
480.0,254,2,2026-10-24,2026-09-23
485.0,119,0,2026-10-24,2026-09-23
490.0,76,0,2026-10-24,2026-09-23
495.0,131,0,2026-10-24,2026-09-23
500.0,618,0,2026-10-24,2026-09-23
505.0,43,0,2026-10-24,2026-09-23
510.0,11,0,2026-10-24,2026-09-23
515.0,11,0,2026-10-24,2026-09-23
520.0,64,0,2026-10-24,2026-09-23
525.0,14,0,2026-10-24,2026-09-23
530.0,20,0,2026-10-24,2026-09-23
535.0,17,0,2026-10-24,2026-09-23
540.0,214,0,2026-10-24,2026-09-23
545.0,38,0,2026-10-24,2026-09-23
550.0,244,0,2026-10-24,2026-09-23
555.0,4,0,2026-10-24,2026-09-23
560.0,11,0,2026-10-24,2026-09-23
565.0,2,0,2026-10-24,2026-09-23
570.0,6,0,2026-10-24,2026-09-23
575.0,9,0,2026-10-24,2026-09-23
580.0,4,0,2026-10-24,2026-09-23
585.0,3,0,2026-10-24,2026-09-23
590.0,5,0,2026-10-24,2026-09-23
595.0,2,0,2026-10-24,2026-09-23
600.0,21,0,2026-10-24,2026-09-23
605.0,44,0,2026-10-24,2026-09-23
610.0,31,0,2026-10-24,2026-09-23
615.0,49,0,2026-10-24,2026-09-23
2800.89,22,22,2026-10-24,2026-09-23
401.05,25,0,2026-10-28,2026-09-23
320.0,3300,3300,2026-10-29,2026-09-23
410.0,37,0,2026-10-30,2026-09-23
443.0,46,0,2026-10-30,2026-09-23
50.0,1,2,2026-10-31,2026-09-23
60.0,0,0,2026-10-31,2026-09-23
70.0,0,0,2026-10-31,2026-09-23
80.0,0,15,2026-10-31,2026-09-23
90.0,0,8,2026-10-31,2026-09-23
100.0,0,26,2026-10-31,2026-09-23
110.0,0,29,2026-10-31,2026-09-23
120.0,0,37,2026-10-31,2026-09-23
130.0,0,16,2026-10-31,2026-09-23
140.0,0,71,2026-10-31,2026-09-23
150.0,0,46,2026-10-31,2026-09-23
160.0,0,75,2026-10-31,2026-09-23
170.0,0,27,2026-10-31,2026-09-23
180.0,6,2,2026-10-31,2026-09-23
190.0,1,19,2026-10-31,2026-09-23
200.0,1,15,2026-10-31,2026-09-23
210.0,0,23,2026-10-31,2026-09-23
220.0,0,92,2026-10-31,2026-09-23
230.0,0,27,2026-10-31,2026-09-23
235.0,3,10,2026-10-31,2026-09-23
240.0,0,23,2026-10-31,2026-09-23
245.0,0,5,2026-10-31,2026-09-23
250.0,0,32,2026-10-31,2026-09-23
255.0,6,18,2026-10-31,2026-09-23
260.0,0,37,2026-10-31,2026-09-23
265.0,1,26,2026-10-31,2026-09-23
270.0,0,41,2026-10-31,2026-09-23
275.0,0,17,2026-10-31,2026-09-23
280.0,14,337,2026-10-31,2026-09-23
285.0,16,105,2026-10-31,2026-09-23
290.0,14,243,2026-10-31,2026-09-23
295.0,1,193,2026-10-31,2026-09-23
300.0,29,582,2026-10-31,2026-09-23
305.0,21,94,2026-10-31,2026-09-23
310.0,7,592,2026-10-31,2026-09-23
315.0,7,773,2026-10-31,2026-09-23
320.0,66,1007,2026-10-31,2026-09-23
325.0,46,243,2026-10-31,2026-09-23
330.0,13,473,2026-10-31,2026-09-23
335.0,48,301,2026-10-31,2026-09-23
340.0,86,199,2026-10-31,2026-09-23
345.0,17,301,2026-10-31,2026-09-23
350.0,59,494,2026-10-31,2026-09-23
355.0,1056,1091,2026-10-31,2026-09-23
360.0,317,338,2026-10-31,2026-09-23
365.0,149,397,2026-10-31,2026-09-23
370.0,311,598,2026-10-31,2026-09-23
375.0,489,467,2026-10-31,2026-09-23
380.0,754,114,2026-10-31,2026-09-23
385.0,302,80,2026-10-31,2026-09-23
390.0,1763,719,2026-10-31,2026-09-23
395.0,173,79,2026-10-31,2026-09-23
400.0,1445,27,2026-10-31,2026-09-23
405.0,196,2,2026-10-31,2026-09-23
410.0,382,7,2026-10-31,2026-09-23
415.0,557,4,2026-10-31,2026-09-23
420.0,693,11,2026-10-31,2026-09-23
425.0,367,2,2026-10-31,2026-09-23
430.0,418,50,2026-10-31,2026-09-23
435.0,307,0,2026-10-31,2026-09-23
440.0,315,3,2026-10-31,2026-09-23
445.0,155,1,2026-10-31,2026-09-23
450.0,391,5,2026-10-31,2026-09-23
455.0,59,1,2026-10-31,2026-09-23
460.0,160,0,2026-10-31,2026-09-23
465.0,192,0,2026-10-31,2026-09-23
470.0,341,1,2026-10-31,2026-09-23
475.0,181,6,2026-10-31,2026-09-23
480.0,205,0,2026-10-31,2026-09-23
485.0,114,0,2026-10-31,2026-09-23
490.0,121,0,2026-10-31,2026-09-23
495.0,142,0,2026-10-31,2026-09-23
500.0,562,0,2026-10-31,2026-09-23
505.0,20,0,2026-10-31,2026-09-23
510.0,94,0,2026-10-31,2026-09-23
515.0,25,0,2026-10-31,2026-09-23
520.0,21,0,2026-10-31,2026-09-23
525.0,69,0,2026-10-31,2026-09-23
530.0,6,0,2026-10-31,2026-09-23
535.0,41,0,2026-10-31,2026-09-23
540.0,3,0,2026-10-31,2026-09-23
545.0,1,0,2026-10-31,2026-09-23
550.0,151,0,2026-10-31,2026-09-23
555.0,23,0,2026-10-31,2026-09-23
560.0,3,0,2026-10-31,2026-09-23
565.0,0,0,2026-10-31,2026-09-23
570.0,6,0,2026-10-31,2026-09-23
580.0,3,0,2026-10-31,2026-09-23
590.0,32,0,2026-10-31,2026-09-23
600.0,59,0,2026-10-31,2026-09-23
610.0,101,0,2026-10-31,2026-09-23
433.8,25,0,2026-11-04,2026-09-23
440.0,23,0,2026-11-06,2026-09-23
448.0,37,0,2026-11-06,2026-09-23
370.0,1600,1600,2026-11-07,2026-09-23
357.0,0,450,2026-11-10,2026-09-23
508.2,450,0,2026-11-10,2026-09-23
5.0,46,4148,2026-11-21,2026-09-23
10.0,0,1,2026-11-21,2026-09-23
15.0,0,13,2026-11-21,2026-09-23
20.0,2,28,2026-11-21,2026-09-23
25.0,7,17,2026-11-21,2026-09-23
30.0,47,639,2026-11-21,2026-09-23
35.0,0,500,2026-11-21,2026-09-23
40.0,0,55,2026-11-21,2026-09-23
45.0,0,541,2026-11-21,2026-09-23
50.0,10,4980,2026-11-21,2026-09-23
55.0,2,72,2026-11-21,2026-09-23
60.0,0,132,2026-11-21,2026-09-23
65.0,3,297,2026-11-21,2026-09-23
70.0,4,564,2026-11-21,2026-09-23
75.0,0,689,2026-11-21,2026-09-23
80.0,0,594,2026-11-21,2026-09-23
85.0,1,563,2026-11-21,2026-09-23
90.0,0,439,2026-11-21,2026-09-23
95.0,3,449,2026-11-21,2026-09-23
100.0,153,7073,2026-11-21,2026-09-23
110.0,140,651,2026-11-21,2026-09-23
120.0,215,313,2026-11-21,2026-09-23
130.0,91,603,2026-11-21,2026-09-23
140.0,89,270,2026-11-21,2026-09-23
150.0,121,3819,2026-11-21,2026-09-23
155.0,133,178,2026-11-21,2026-09-23
160.0,278,439,2026-11-21,2026-09-23
165.0,10,355,2026-11-21,2026-09-23
170.0,40,173,2026-11-21,2026-09-23
175.0,17,830,2026-11-21,2026-09-23
180.0,22,457,2026-11-21,2026-09-23
185.0,36,248,2026-11-21,2026-09-23
190.0,64,777,2026-11-21,2026-09-23
195.0,32,302,2026-11-21,2026-09-23
200.0,85,1252,2026-11-21,2026-09-23
210.0,44,918,2026-11-21,2026-09-23
220.0,69,1288,2026-11-21,2026-09-23
225.0,63,358,2026-11-21,2026-09-23
230.0,139,1961,2026-11-21,2026-09-23
235.0,90,1621,2026-11-21,2026-09-23
240.0,249,1231,2026-11-21,2026-09-23
245.0,69,692,2026-11-21,2026-09-23
250.0,311,18267,2026-11-21,2026-09-23
255.0,96,2813,2026-11-21,2026-09-23
260.0,145,3946,2026-11-21,2026-09-23
265.0,46,2304,2026-11-21,2026-09-23
270.0,169,3062,2026-11-21,2026-09-23
275.0,116,2175,2026-11-21,2026-09-23
280.0,133,4005,2026-11-21,2026-09-23
285.0,110,1108,2026-11-21,2026-09-23
290.0,357,2109,2026-11-21,2026-09-23
295.0,161,2590,2026-11-21,2026-09-23
300.0,439,7222,2026-11-21,2026-09-23
305.0,549,4728,2026-11-21,2026-09-23
310.0,1208,5374,2026-11-21,2026-09-23
315.0,453,2715,2026-11-21,2026-09-23
320.0,1866,4307,2026-11-21,2026-09-23
325.0,917,6173,2026-11-21,2026-09-23
330.0,24000,24000,2026-11-21,2026-09-23
330.0,1227,6162,2026-11-21,2026-09-23
335.0,853,3222,2026-11-21,2026-09-23
340.0,1311,3170,2026-11-21,2026-09-23
345.0,621,2455,2026-11-21,2026-09-23
350.0,16686,9825,2026-11-21,2026-09-23
355.0,0,0,2026-11-21,2026-09-23
355.0,802,3266,2026-11-21,2026-09-23
360.0,3000,3000,2026-11-21,2026-09-23
360.0,4129,2841,2026-11-21,2026-09-23
365.0,2141,1509,2026-11-21,2026-09-23
370.0,10000,10000,2026-11-21,2026-09-23
370.0,2716,4585,2026-11-21,2026-09-23
370.01,18812,18812,2026-11-21,2026-09-23
370.02,428,428,2026-11-21,2026-09-23
375.0,2995,1873,2026-11-21,2026-09-23
380.0,3617,6251,2026-11-21,2026-09-23
385.0,2372,2182,2026-11-21,2026-09-23
390.0,1721,2334,2026-11-21,2026-09-23
395.0,1217,756,2026-11-21,2026-09-23
400.0,8931,3088,2026-11-21,2026-09-23
405.0,1006,639,2026-11-21,2026-09-23
410.0,2912,936,2026-11-21,2026-09-23
415.0,2261,341,2026-11-21,2026-09-23
420.0,3037,1067,2026-11-21,2026-09-23
425.0,3000,3000,2026-11-21,2026-09-23
425.0,2408,810,2026-11-21,2026-09-23
430.0,2589,1150,2026-11-21,2026-09-23
435.0,3,0,2026-11-21,2026-09-23
435.0,1451,183,2026-11-21,2026-09-23
440.0,2499,801,2026-11-21,2026-09-23
445.0,1486,336,2026-11-21,2026-09-23
450.0,4691,1042,2026-11-21,2026-09-23
455.0,806,127,2026-11-21,2026-09-23
460.0,1458,216,2026-11-21,2026-09-23
465.0,909,101,2026-11-21,2026-09-23
470.0,2572,213,2026-11-21,2026-09-23
475.0,1197,534,2026-11-21,2026-09-23
480.0,2188,126,2026-11-21,2026-09-23
485.0,822,193,2026-11-21,2026-09-23
490.0,998,59,2026-11-21,2026-09-23
495.0,550,68,2026-11-21,2026-09-23
500.0,11490,50,2026-11-21,2026-09-23
505.0,656,0,2026-11-21,2026-09-23
510.0,0,0,2026-11-21,2026-09-23
510.0,999,12,2026-11-21,2026-09-23
515.0,538,85,2026-11-21,2026-09-23
520.0,793,36,2026-11-21,2026-09-23
525.0,760,0,2026-11-21,2026-09-23
530.0,1837,0,2026-11-21,2026-09-23
535.0,612,1,2026-11-21,2026-09-23
540.0,1289,0,2026-11-21,2026-09-23
545.0,334,0,2026-11-21,2026-09-23
550.0,1769,0,2026-11-21,2026-09-23
555.0,179,0,2026-11-21,2026-09-23
560.0,1312,0,2026-11-21,2026-09-23
565.0,192,0,2026-11-21,2026-09-23
570.0,684,0,2026-11-21,2026-09-23
575.0,269,0,2026-11-21,2026-09-23
580.0,257,0,2026-11-21,2026-09-23
585.0,401,0,2026-11-21,2026-09-23
590.0,285,0,2026-11-21,2026-09-23
595.0,471,0,2026-11-21,2026-09-23
600.0,4239,0,2026-11-21,2026-09-23
605.0,230,0,2026-11-21,2026-09-23
610.0,444,0,2026-11-21,2026-09-23
615.0,156,0,2026-11-21,2026-09-23
620.0,590,0,2026-11-21,2026-09-23
625.0,248,0,2026-11-21,2026-09-23
630.0,274,0,2026-11-21,2026-09-23
635.0,357,0,2026-11-21,2026-09-23
640.0,82,0,2026-11-21,2026-09-23
645.0,552,0,2026-11-21,2026-09-23
650.0,0,0,2026-11-21,2026-09-23
650.0,340,0,2026-11-21,2026-09-23
655.0,167,0,2026-11-21,2026-09-23
660.0,1478,0,2026-11-21,2026-09-23
665.0,197,0,2026-11-21,2026-09-23
670.0,831,0,2026-11-21,2026-09-23
675.0,2085,0,2026-11-21,2026-09-23
680.0,3095,0,2026-11-21,2026-09-23
685.0,286,0,2026-11-21,2026-09-23
690.0,2284,0,2026-11-21,2026-09-23
695.0,2215,0,2026-11-21,2026-09-23
700.0,17555,0,2026-11-21,2026-09-23
705.0,479,0,2026-11-21,2026-09-23
710.0,2000,0,2026-11-21,2026-09-23
720.0,386,0,2026-11-21,2026-09-23
730.0,544,0,2026-11-21,2026-09-23
740.0,221,0,2026-11-21,2026-09-23
750.0,441,0,2026-11-21,2026-09-23
760.0,465,0,2026-11-21,2026-09-23
770.0,915,0,2026-11-21,2026-09-23
780.0,372,0,2026-11-21,2026-09-23
790.0,755,0,2026-11-21,2026-09-23
800.0,1642,0,2026-11-21,2026-09-23
810.0,709,0,2026-11-21,2026-09-23
820.0,480,0,2026-11-21,2026-09-23
830.0,460,0,2026-11-21,2026-09-23
840.0,129,0,2026-11-21,2026-09-23
850.0,775,0,2026-11-21,2026-09-23
860.0,472,0,2026-11-21,2026-09-23
870.0,1128,0,2026-11-21,2026-09-23
880.0,24,0,2026-11-21,2026-09-23
890.0,47,0,2026-11-21,2026-09-23
900.0,1558,0,2026-11-21,2026-09-23
330.0,15000,15000,2026-11-25,2026-09-23
355.0,0,0,2026-11-25,2026-09-23
5.0,11029,9965,2026-12-19,2026-09-23
10.0,574,17199,2026-12-19,2026-09-23
15.0,130,1309,2026-12-19,2026-09-23
20.0,364,2258,2026-12-19,2026-09-23
25.0,1618,1788,2026-12-19,2026-09-23
30.0,70,2818,2026-12-19,2026-09-23
35.0,93,944,2026-12-19,2026-09-23
40.0,10,3067,2026-12-19,2026-09-23
45.0,19,4799,2026-12-19,2026-09-23
50.0,768,2757,2026-12-19,2026-09-23
75.0,858,3244,2026-12-19,2026-09-23
80.0,1074,1814,2026-12-19,2026-09-23
85.0,348,826,2026-12-19,2026-09-23
90.0,570,654,2026-12-19,2026-09-23
95.0,203,927,2026-12-19,2026-09-23
100.0,1610,8302,2026-12-19,2026-09-23
105.0,4921,2097,2026-12-19,2026-09-23
110.0,309,2903,2026-12-19,2026-09-23
115.0,117,1359,2026-12-19,2026-09-23
120.0,475,4335,2026-12-19,2026-09-23
125.0,558,2109,2026-12-19,2026-09-23
130.0,249,5416,2026-12-19,2026-09-23
135.0,324,1362,2026-12-19,2026-09-23
140.0,593,2054,2026-12-19,2026-09-23
145.0,325,788,2026-12-19,2026-09-23
150.0,2367,4256,2026-12-19,2026-09-23
155.0,461,2368,2026-12-19,2026-09-23
160.0,596,4685,2026-12-19,2026-09-23
165.0,780,1909,2026-12-19,2026-09-23
170.0,857,1622,2026-12-19,2026-09-23
175.0,1209,1845,2026-12-19,2026-09-23
180.0,1487,3963,2026-12-19,2026-09-23
185.0,554,4034,2026-12-19,2026-09-23
190.0,682,2590,2026-12-19,2026-09-23
195.0,394,1003,2026-12-19,2026-09-23
200.0,3932,11174,2026-12-19,2026-09-23
205.0,232,1633,2026-12-19,2026-09-23
210.0,85,0,2026-12-19,2026-09-23
210.0,731,1589,2026-12-19,2026-09-23
215.0,1030,1997,2026-12-19,2026-09-23
220.0,2170,3975,2026-12-19,2026-09-23
225.0,823,3166,2026-12-19,2026-09-23
230.0,1365,3935,2026-12-19,2026-09-23
235.0,1121,1779,2026-12-19,2026-09-23
240.0,1706,4113,2026-12-19,2026-09-23
245.0,765,4514,2026-12-19,2026-09-23
250.0,2358,10561,2026-12-19,2026-09-23
260.0,2733,9821,2026-12-19,2026-09-23
265.0,33,536,2026-12-19,2026-09-23
270.0,1607,10042,2026-12-19,2026-09-23
275.0,196,3576,2026-12-19,2026-09-23
280.0,1640,9423,2026-12-19,2026-09-23
285.0,97,781,2026-12-19,2026-09-23
290.0,2176,9977,2026-12-19,2026-09-23
295.0,111,1768,2026-12-19,2026-09-23
300.0,0,71,2026-12-19,2026-09-23
300.0,5203,14193,2026-12-19,2026-09-23
305.0,514,1301,2026-12-19,2026-09-23
310.0,1867,3766,2026-12-19,2026-09-23
315.0,333,1391,2026-12-19,2026-09-23
320.0,2262,7966,2026-12-19,2026-09-23
325.0,948,3788,2026-12-19,2026-09-23
330.0,5485,4308,2026-12-19,2026-09-23
335.0,641,908,2026-12-19,2026-09-23
340.0,2225,7563,2026-12-19,2026-09-23
345.0,652,1188,2026-12-19,2026-09-23
350.0,2959,2959,2026-12-19,2026-09-23
350.0,6809,12158,2026-12-19,2026-09-23
355.0,735,1100,2026-12-19,2026-09-23
360.0,3700,3700,2026-12-19,2026-09-23
360.0,3052,5194,2026-12-19,2026-09-23
365.0,5500,5500,2026-12-19,2026-09-23
365.0,1452,1389,2026-12-19,2026-09-23
370.0,3659,3790,2026-12-19,2026-09-23
375.0,3000,3000,2026-12-19,2026-09-23
375.0,1703,1935,2026-12-19,2026-09-23
380.0,7505,5468,2026-12-19,2026-09-23
385.0,1233,782,2026-12-19,2026-09-23
390.0,2817,5923,2026-12-19,2026-09-23
395.0,1435,846,2026-12-19,2026-09-23
400.0,4500,4500,2026-12-19,2026-09-23
400.0,12348,6698,2026-12-19,2026-09-23
405.0,968,437,2026-12-19,2026-09-23
410.0,3384,3970,2026-12-19,2026-09-23
415.0,810,399,2026-12-19,2026-09-23
420.0,16,0,2026-12-19,2026-09-23
420.0,6061,2327,2026-12-19,2026-09-23
425.0,1375,525,2026-12-19,2026-09-23
430.0,11,0,2026-12-19,2026-09-23
430.0,4018,7339,2026-12-19,2026-09-23
435.0,5637,379,2026-12-19,2026-09-23
440.0,5402,3603,2026-12-19,2026-09-23
445.0,2653,234,2026-12-19,2026-09-23
450.0,9768,2492,2026-12-19,2026-09-23
455.0,972,78,2026-12-19,2026-09-23
460.0,4855,1766,2026-12-19,2026-09-23
465.0,725,138,2026-12-19,2026-09-23
470.0,4069,1838,2026-12-19,2026-09-23
480.0,5270,3184,2026-12-19,2026-09-23
490.0,1870,513,2026-12-19,2026-09-23
500.0,20206,5482,2026-12-19,2026-09-23
510.0,3598,520,2026-12-19,2026-09-23
520.0,5,0,2026-12-19,2026-09-23
520.0,2518,546,2026-12-19,2026-09-23
530.0,11,0,2026-12-19,2026-09-23
530.0,2866,552,2026-12-19,2026-09-23
540.0,4808,25,2026-12-19,2026-09-23
550.0,10128,146,2026-12-19,2026-09-23
560.0,4013,2,2026-12-19,2026-09-23
570.0,3055,0,2026-12-19,2026-09-23
580.0,3406,0,2026-12-19,2026-09-23
590.0,2094,0,2026-12-19,2026-09-23
600.0,11494,0,2026-12-19,2026-09-23
610.0,1401,1,2026-12-19,2026-09-23
620.0,1528,0,2026-12-19,2026-09-23
630.0,943,0,2026-12-19,2026-09-23
640.0,656,0,2026-12-19,2026-09-23
650.0,6206,1,2026-12-19,2026-09-23
660.0,2303,0,2026-12-19,2026-09-23
670.0,1281,0,2026-12-19,2026-09-23
680.0,1081,0,2026-12-19,2026-09-23
690.0,1231,0,2026-12-19,2026-09-23
700.0,8659,4,2026-12-19,2026-09-23
710.0,12865,0,2026-12-19,2026-09-23
720.0,4212,0,2026-12-19,2026-09-23
730.0,8206,0,2026-12-19,2026-09-23
740.0,1396,0,2026-12-19,2026-09-23
750.0,6302,1,2026-12-19,2026-09-23
760.0,468,0,2026-12-19,2026-09-23
770.0,1569,0,2026-12-19,2026-09-23
780.0,1563,0,2026-12-19,2026-09-23
790.0,2458,0,2026-12-19,2026-09-23
800.0,10871,0,2026-12-19,2026-09-23
810.0,1948,0,2026-12-19,2026-09-23
820.0,1068,0,2026-12-19,2026-09-23
830.0,527,0,2026-12-19,2026-09-23
840.0,855,0,2026-12-19,2026-09-23
850.0,7540,0,2026-12-19,2026-09-23
860.0,1012,0,2026-12-19,2026-09-23
870.0,791,0,2026-12-19,2026-09-23
880.0,2166,0,2026-12-19,2026-09-23
890.0,453,0,2026-12-19,2026-09-23
900.0,3321,0,2026-12-19,2026-09-23
910.0,664,0,2026-12-19,2026-09-23
920.0,562,0,2026-12-19,2026-09-23
930.0,452,0,2026-12-19,2026-09-23
940.0,1759,0,2026-12-19,2026-09-23
950.0,5866,0,2026-12-19,2026-09-23
960.0,5653,0,2026-12-19,2026-09-23
970.0,906,0,2026-12-19,2026-09-23
980.0,960,0,2026-12-19,2026-09-23
990.0,21367,0,2026-12-19,2026-09-23
400.0,0,0,2026-12-23,2026-09-23
347.36,0,100,2026-12-25,2026-09-23
319.75,0,55,2026-12-31,2026-09-23
5.0,31274,20706,2027-01-16,2026-09-23
10.0,3568,8812,2027-01-16,2026-09-23
15.0,121,2995,2027-01-16,2026-09-23
20.0,91,4149,2027-01-16,2026-09-23
25.0,220,1717,2027-01-16,2026-09-23
30.0,33,3178,2027-01-16,2026-09-23
35.0,108,4064,2027-01-16,2026-09-23
40.0,255,933,2027-01-16,2026-09-23
45.0,23,598,2027-01-16,2026-09-23
50.0,132,4970,2027-01-16,2026-09-23
55.0,10,805,2027-01-16,2026-09-23
60.0,62,734,2027-01-16,2026-09-23
65.0,29,442,2027-01-16,2026-09-23
70.0,84,4186,2027-01-16,2026-09-23
75.0,46,830,2027-01-16,2026-09-23
80.0,110,2462,2027-01-16,2026-09-23
85.0,57,283,2027-01-16,2026-09-23
90.0,835,543,2027-01-16,2026-09-23
95.0,150,1310,2027-01-16,2026-09-23
100.0,1178,5207,2027-01-16,2026-09-23
105.0,155,635,2027-01-16,2026-09-23
110.0,218,1377,2027-01-16,2026-09-23
115.0,306,953,2027-01-16,2026-09-23
120.0,485,1287,2027-01-16,2026-09-23
125.0,131,1223,2027-01-16,2026-09-23
130.0,811,4219,2027-01-16,2026-09-23
135.0,257,993,2027-01-16,2026-09-23
140.0,416,1850,2027-01-16,2026-09-23
145.0,201,316,2027-01-16,2026-09-23
150.0,1589,8395,2027-01-16,2026-09-23
155.0,206,523,2027-01-16,2026-09-23
160.0,464,3533,2027-01-16,2026-09-23
165.0,123,810,2027-01-16,2026-09-23
170.0,929,1108,2027-01-16,2026-09-23
175.0,252,3791,2027-01-16,2026-09-23
180.0,488,3288,2027-01-16,2026-09-23
185.0,172,573,2027-01-16,2026-09-23
190.0,371,2276,2027-01-16,2026-09-23
195.0,285,3434,2027-01-16,2026-09-23
200.0,4407,9859,2027-01-16,2026-09-23
205.0,234,963,2027-01-16,2026-09-23
210.0,1069,5410,2027-01-16,2026-09-23
215.0,325,650,2027-01-16,2026-09-23
220.0,1355,4115,2027-01-16,2026-09-23
225.0,475,1100,2027-01-16,2026-09-23
230.0,847,7003,2027-01-16,2026-09-23
235.0,353,2746,2027-01-16,2026-09-23
240.0,1766,7491,2027-01-16,2026-09-23
245.0,561,3242,2027-01-16,2026-09-23
250.0,3156,11102,2027-01-16,2026-09-23
260.0,1748,5709,2027-01-16,2026-09-23
270.0,2937,6865,2027-01-16,2026-09-23
280.0,2423,10795,2027-01-16,2026-09-23
290.0,962,4575,2027-01-16,2026-09-23
300.0,2000,2000,2027-01-16,2026-09-23
300.0,11144,25179,2027-01-16,2026-09-23
310.0,7777,6200,2027-01-16,2026-09-23
320.0,3212,7660,2027-01-16,2026-09-23
330.0,3952,9833,2027-01-16,2026-09-23
340.0,2226,4719,2027-01-16,2026-09-23
350.0,2860,2860,2027-01-16,2026-09-23
350.0,11505,11662,2027-01-16,2026-09-23
360.0,6529,11892,2027-01-16,2026-09-23
370.0,4596,4483,2027-01-16,2026-09-23
380.0,15000,15000,2027-01-16,2026-09-23
380.0,5282,5998,2027-01-16,2026-09-23
390.0,5000,5000,2027-01-16,2026-09-23
390.0,4877,5390,2027-01-16,2026-09-23
400.0,35785,11107,2027-01-16,2026-09-23
410.0,4634,3585,2027-01-16,2026-09-23
420.0,8908,2898,2027-01-16,2026-09-23
430.0,1162,1162,2027-01-16,2026-09-23
430.0,6533,3336,2027-01-16,2026-09-23
440.0,7942,3087,2027-01-16,2026-09-23
450.0,16859,2830,2027-01-16,2026-09-23
450.01,16575,16575,2027-01-16,2026-09-23
460.0,7288,1767,2027-01-16,2026-09-23
470.0,2981,871,2027-01-16,2026-09-23
480.0,5765,2126,2027-01-16,2026-09-23
490.0,3553,536,2027-01-16,2026-09-23
500.0,27567,2236,2027-01-16,2026-09-23
510.0,4111,610,2027-01-16,2026-09-23
520.0,7376,763,2027-01-16,2026-09-23
530.0,3249,379,2027-01-16,2026-09-23
540.0,3728,288,2027-01-16,2026-09-23
550.0,9221,690,2027-01-16,2026-09-23
560.0,2360,38,2027-01-16,2026-09-23
570.0,2027,56,2027-01-16,2026-09-23
580.0,1478,2,2027-01-16,2026-09-23
590.0,1221,0,2027-01-16,2026-09-23
600.0,16188,3,2027-01-16,2026-09-23
610.0,2328,0,2027-01-16,2026-09-23
620.0,6792,2,2027-01-16,2026-09-23
630.0,1618,0,2027-01-16,2026-09-23
640.0,2338,0,2027-01-16,2026-09-23
650.0,4617,0,2027-01-16,2026-09-23
660.0,1653,0,2027-01-16,2026-09-23
670.0,2259,0,2027-01-16,2026-09-23
680.0,2038,0,2027-01-16,2026-09-23
690.0,3508,0,2027-01-16,2026-09-23
700.0,15804,1,2027-01-16,2026-09-23
710.0,5732,0,2027-01-16,2026-09-23
720.0,4634,0,2027-01-16,2026-09-23
730.0,3227,0,2027-01-16,2026-09-23
740.0,1566,0,2027-01-16,2026-09-23
750.0,5628,0,2027-01-16,2026-09-23
760.0,982,0,2027-01-16,2026-09-23
770.0,830,0,2027-01-16,2026-09-23
780.0,3147,0,2027-01-16,2026-09-23
790.0,4928,0,2027-01-16,2026-09-23
800.0,12386,1,2027-01-16,2026-09-23
810.0,968,0,2027-01-16,2026-09-23
820.0,687,0,2027-01-16,2026-09-23
830.0,1263,0,2027-01-16,2026-09-23
840.0,1147,1,2027-01-16,2026-09-23
850.0,2564,0,2027-01-16,2026-09-23
860.0,3256,0,2027-01-16,2026-09-23
870.0,728,0,2027-01-16,2026-09-23
880.0,1859,1,2027-01-16,2026-09-23
890.0,1884,0,2027-01-16,2026-09-23
900.0,13008,0,2027-01-16,2026-09-23
910.0,1618,0,2027-01-16,2026-09-23
920.0,1215,0,2027-01-16,2026-09-23
930.0,569,0,2027-01-16,2026-09-23
940.0,93660,0,2027-01-16,2026-09-23
950.0,16638,0,2027-01-16,2026-09-23
960.0,111209,0,2027-01-16,2026-09-23
970.0,671,0,2027-01-16,2026-09-23
980.0,1403,0,2027-01-16,2026-09-23
990.0,13141,0,2027-01-16,2026-09-23
380.0,15000,15000,2027-01-20,2026-09-23
390.0,5000,5000,2027-01-20,2026-09-23
410.92,0,0,2027-01-30,2026-09-23
515.15,0,0,2027-01-30,2026-09-23
50.0,4,1611,2027-02-20,2026-09-23
55.0,0,102,2027-02-20,2026-09-23
60.0,0,16,2027-02-20,2026-09-23
65.0,0,31,2027-02-20,2026-09-23
70.0,0,19,2027-02-20,2026-09-23
75.0,0,41,2027-02-20,2026-09-23
80.0,0,92,2027-02-20,2026-09-23
85.0,0,36,2027-02-20,2026-09-23
90.0,0,58,2027-02-20,2026-09-23
95.0,1,49,2027-02-20,2026-09-23
100.0,0,350,2027-02-20,2026-09-23
105.0,0,41,2027-02-20,2026-09-23
110.0,5,21,2027-02-20,2026-09-23
115.0,0,74,2027-02-20,2026-09-23
120.0,0,218,2027-02-20,2026-09-23
125.0,0,260,2027-02-20,2026-09-23
130.0,0,204,2027-02-20,2026-09-23
135.0,0,54,2027-02-20,2026-09-23
140.0,1,196,2027-02-20,2026-09-23
145.0,0,39,2027-02-20,2026-09-23
150.0,7,145,2027-02-20,2026-09-23
155.0,0,60,2027-02-20,2026-09-23
160.0,0,81,2027-02-20,2026-09-23
165.0,6,228,2027-02-20,2026-09-23
170.0,32,50,2027-02-20,2026-09-23
175.0,0,247,2027-02-20,2026-09-23
180.0,2,57,2027-02-20,2026-09-23
185.0,0,77,2027-02-20,2026-09-23
190.0,25,249,2027-02-20,2026-09-23
195.0,4,59,2027-02-20,2026-09-23
200.0,49,739,2027-02-20,2026-09-23
210.0,5,221,2027-02-20,2026-09-23
220.0,18,258,2027-02-20,2026-09-23
230.0,22,537,2027-02-20,2026-09-23
240.0,69,645,2027-02-20,2026-09-23
250.0,66,1329,2027-02-20,2026-09-23
260.0,18,1437,2027-02-20,2026-09-23
270.0,29,1335,2027-02-20,2026-09-23
280.0,50,2495,2027-02-20,2026-09-23
290.0,35,1587,2027-02-20,2026-09-23
300.0,455,4311,2027-02-20,2026-09-23
305.0,117,576,2027-02-20,2026-09-23
310.0,720,1098,2027-02-20,2026-09-23
315.0,52,545,2027-02-20,2026-09-23
320.0,840,656,2027-02-20,2026-09-23
325.0,89,300,2027-02-20,2026-09-23
330.0,456,690,2027-02-20,2026-09-23
335.0,161,412,2027-02-20,2026-09-23
340.0,495,382,2027-02-20,2026-09-23
345.0,112,339,2027-02-20,2026-09-23
350.0,990,2157,2027-02-20,2026-09-23
355.0,286,304,2027-02-20,2026-09-23
360.0,689,291,2027-02-20,2026-09-23
365.0,567,128,2027-02-20,2026-09-23
370.0,374,348,2027-02-20,2026-09-23
375.0,1024,338,2027-02-20,2026-09-23
380.0,792,535,2027-02-20,2026-09-23
385.0,177,133,2027-02-20,2026-09-23
390.0,555,111,2027-02-20,2026-09-23
395.0,209,39,2027-02-20,2026-09-23
400.0,1907,177,2027-02-20,2026-09-23
405.0,401,37,2027-02-20,2026-09-23
410.0,0,0,2027-02-20,2026-09-23
410.0,165,226,2027-02-20,2026-09-23
415.0,210,36,2027-02-20,2026-09-23
420.0,0,2,2027-02-20,2026-09-23
420.0,315,19,2027-02-20,2026-09-23
425.0,359,33,2027-02-20,2026-09-23
430.0,12,0,2027-02-20,2026-09-23
430.0,235,17,2027-02-20,2026-09-23
435.0,191,23,2027-02-20,2026-09-23
440.0,525,17,2027-02-20,2026-09-23
445.0,264,11,2027-02-20,2026-09-23
450.0,1121,29,2027-02-20,2026-09-23
455.0,445,0,2027-02-20,2026-09-23
460.0,12,0,2027-02-20,2026-09-23
460.0,379,2,2027-02-20,2026-09-23
465.0,224,4,2027-02-20,2026-09-23
470.0,300,2,2027-02-20,2026-09-23
475.0,1504,4,2027-02-20,2026-09-23
480.0,625,78,2027-02-20,2026-09-23
485.0,118,1,2027-02-20,2026-09-23
490.0,92,1,2027-02-20,2026-09-23
495.0,1065,1,2027-02-20,2026-09-23
500.0,2649,48,2027-02-20,2026-09-23
510.0,881,29,2027-02-20,2026-09-23
520.0,6457,10,2027-02-20,2026-09-23
530.0,2,0,2027-02-20,2026-09-23
530.0,721,0,2027-02-20,2026-09-23
540.0,297,9,2027-02-20,2026-09-23
550.0,489,110,2027-02-20,2026-09-23
560.0,106,6,2027-02-20,2026-09-23
570.0,376,0,2027-02-20,2026-09-23
580.0,133,0,2027-02-20,2026-09-23
590.0,694,0,2027-02-20,2026-09-23
600.0,730,3,2027-02-20,2026-09-23
610.0,1170,0,2027-02-20,2026-09-23
620.0,59,0,2027-02-20,2026-09-23
630.0,120,0,2027-02-20,2026-09-23
640.0,77,0,2027-02-20,2026-09-23
650.0,190,0,2027-02-20,2026-09-23
660.0,120,0,2027-02-20,2026-09-23
670.0,129,0,2027-02-20,2026-09-23
680.0,234,0,2027-02-20,2026-09-23
690.0,71,0,2027-02-20,2026-09-23
700.0,3150,0,2027-02-20,2026-09-23
710.0,145,0,2027-02-20,2026-09-23
720.0,267,0,2027-02-20,2026-09-23
730.0,179,0,2027-02-20,2026-09-23
740.0,1131,0,2027-02-20,2026-09-23
750.0,31,0,2027-02-20,2026-09-23
760.0,45,0,2027-02-20,2026-09-23
770.0,2284,0,2027-02-20,2026-09-23
50.0,2,2693,2027-03-20,2026-09-23
55.0,0,9,2027-03-20,2026-09-23
60.0,14,14,2027-03-20,2026-09-23
65.0,0,115,2027-03-20,2026-09-23
70.0,2,293,2027-03-20,2026-09-23
75.0,31,304,2027-03-20,2026-09-23
80.0,3,547,2027-03-20,2026-09-23
85.0,1,88,2027-03-20,2026-09-23
90.0,2,77,2027-03-20,2026-09-23
95.0,1,39,2027-03-20,2026-09-23
100.0,139,18839,2027-03-20,2026-09-23
105.0,22,71,2027-03-20,2026-09-23
110.0,239,175,2027-03-20,2026-09-23
115.0,68,271,2027-03-20,2026-09-23
120.0,50,100,2027-03-20,2026-09-23
125.0,15,322,2027-03-20,2026-09-23
130.0,63,230,2027-03-20,2026-09-23
135.0,43,59,2027-03-20,2026-09-23
140.0,2,78,2027-03-20,2026-09-23
145.0,38,184,2027-03-20,2026-09-23
150.0,241,955,2027-03-20,2026-09-23
155.0,22,166,2027-03-20,2026-09-23
160.0,12,393,2027-03-20,2026-09-23
165.0,10,80,2027-03-20,2026-09-23
170.0,12,312,2027-03-20,2026-09-23
175.0,1480,2017,2027-03-20,2026-09-23
180.0,54,2009,2027-03-20,2026-09-23
185.0,90,3178,2027-03-20,2026-09-23
190.0,53,288,2027-03-20,2026-09-23
195.0,19,631,2027-03-20,2026-09-23
200.0,2106,8022,2027-03-20,2026-09-23
210.0,19,698,2027-03-20,2026-09-23
220.0,49,793,2027-03-20,2026-09-23
230.0,24,866,2027-03-20,2026-09-23
240.0,76,1902,2027-03-20,2026-09-23
250.0,453,5163,2027-03-20,2026-09-23
260.0,115,2966,2027-03-20,2026-09-23
270.0,274,3900,2027-03-20,2026-09-23
280.0,880,6803,2027-03-20,2026-09-23
290.0,133,3465,2027-03-20,2026-09-23
295.0,579,1177,2027-03-20,2026-09-23
300.0,699,9815,2027-03-20,2026-09-23
305.0,128,789,2027-03-20,2026-09-23
310.0,1051,1249,2027-03-20,2026-09-23
315.0,128,848,2027-03-20,2026-09-23
320.0,1095,3338,2027-03-20,2026-09-23
325.0,112,1462,2027-03-20,2026-09-23
330.0,661,4898,2027-03-20,2026-09-23
335.0,526,878,2027-03-20,2026-09-23
340.0,1462,4093,2027-03-20,2026-09-23
345.0,212,493,2027-03-20,2026-09-23
350.0,4097,6854,2027-03-20,2026-09-23
355.0,462,383,2027-03-20,2026-09-23
360.0,905,2821,2027-03-20,2026-09-23
365.0,261,557,2027-03-20,2026-09-23
370.0,1551,2174,2027-03-20,2026-09-23
375.0,2845,3024,2027-03-20,2026-09-23
380.0,1422,1961,2027-03-20,2026-09-23
385.0,3439,3342,2027-03-20,2026-09-23
390.0,1140,2036,2027-03-20,2026-09-23
395.0,264,130,2027-03-20,2026-09-23
400.0,600,600,2027-03-20,2026-09-23
400.0,4484,3284,2027-03-20,2026-09-23
405.0,234,212,2027-03-20,2026-09-23
410.0,2061,1049,2027-03-20,2026-09-23
415.0,293,26,2027-03-20,2026-09-23
420.0,1819,1056,2027-03-20,2026-09-23
425.0,676,11,2027-03-20,2026-09-23
430.0,1015,418,2027-03-20,2026-09-23
435.0,530,11,2027-03-20,2026-09-23
440.0,1473,850,2027-03-20,2026-09-23
445.0,500,11,2027-03-20,2026-09-23
450.0,5,0,2027-03-20,2026-09-23
450.0,6014,439,2027-03-20,2026-09-23
455.0,244,2,2027-03-20,2026-09-23
460.0,1212,287,2027-03-20,2026-09-23
465.0,254,38,2027-03-20,2026-09-23
470.0,1300,190,2027-03-20,2026-09-23
475.0,209,8,2027-03-20,2026-09-23
480.0,1401,137,2027-03-20,2026-09-23
485.0,200,11,2027-03-20,2026-09-23
490.0,793,268,2027-03-20,2026-09-23
495.0,300,6,2027-03-20,2026-09-23
500.0,13449,323,2027-03-20,2026-09-23
510.0,631,75,2027-03-20,2026-09-23
520.0,1888,24,2027-03-20,2026-09-23
530.0,1182,38,2027-03-20,2026-09-23
540.0,840,16,2027-03-20,2026-09-23
550.0,2620,85,2027-03-20,2026-09-23
560.0,839,9,2027-03-20,2026-09-23
570.0,707,42,2027-03-20,2026-09-23
580.0,723,112,2027-03-20,2026-09-23
590.0,457,0,2027-03-20,2026-09-23
600.0,2594,1,2027-03-20,2026-09-23
610.0,945,0,2027-03-20,2026-09-23
620.0,452,0,2027-03-20,2026-09-23
630.0,605,0,2027-03-20,2026-09-23
640.0,362,0,2027-03-20,2026-09-23
650.0,1238,0,2027-03-20,2026-09-23
660.0,528,0,2027-03-20,2026-09-23
670.0,290,0,2027-03-20,2026-09-23
680.0,521,0,2027-03-20,2026-09-23
690.0,576,0,2027-03-20,2026-09-23
700.0,1411,0,2027-03-20,2026-09-23
710.0,328,0,2027-03-20,2026-09-23
720.0,433,0,2027-03-20,2026-09-23
730.0,329,0,2027-03-20,2026-09-23
740.0,272,0,2027-03-20,2026-09-23
750.0,659,0,2027-03-20,2026-09-23
760.0,504,0,2027-03-20,2026-09-23
770.0,426,0,2027-03-20,2026-09-23
780.0,319,0,2027-03-20,2026-09-23
790.0,430,0,2027-03-20,2026-09-23
800.0,905,0,2027-03-20,2026-09-23
810.0,204,0,2027-03-20,2026-09-23
820.0,648,0,2027-03-20,2026-09-23
830.0,277,0,2027-03-20,2026-09-23
840.0,509,0,2027-03-20,2026-09-23
850.0,504,0,2027-03-20,2026-09-23
860.0,260,0,2027-03-20,2026-09-23
870.0,361,0,2027-03-20,2026-09-23
880.0,777,0,2027-03-20,2026-09-23
890.0,273,0,2027-03-20,2026-09-23
900.0,2874,0,2027-03-20,2026-09-23
5.0,6173,5867,2027-06-18,2026-09-23
10.0,194,2433,2027-06-18,2026-09-23
15.0,123,876,2027-06-18,2026-09-23
20.0,70,725,2027-06-18,2026-09-23
25.0,1,574,2027-06-18,2026-09-23
30.0,5,420,2027-06-18,2026-09-23
35.0,52,7825,2027-06-18,2026-09-23
40.0,69,123,2027-06-18,2026-09-23
45.0,5,203,2027-06-18,2026-09-23
50.0,50,1133,2027-06-18,2026-09-23
55.0,11,128,2027-06-18,2026-09-23
60.0,18,257,2027-06-18,2026-09-23
65.0,13,120,2027-06-18,2026-09-23
70.0,21,530,2027-06-18,2026-09-23
75.0,93,417,2027-06-18,2026-09-23
80.0,119,842,2027-06-18,2026-09-23
85.0,10,1118,2027-06-18,2026-09-23
90.0,83,316,2027-06-18,2026-09-23
95.0,25,1603,2027-06-18,2026-09-23
100.0,1096,2466,2027-06-18,2026-09-23
105.0,97,364,2027-06-18,2026-09-23
110.0,166,1681,2027-06-18,2026-09-23
115.0,135,603,2027-06-18,2026-09-23
120.0,209,536,2027-06-18,2026-09-23
125.0,89,676,2027-06-18,2026-09-23
130.0,91,328,2027-06-18,2026-09-23
135.0,33,129,2027-06-18,2026-09-23
140.0,89,281,2027-06-18,2026-09-23
145.0,128,270,2027-06-18,2026-09-23
150.0,461,3079,2027-06-18,2026-09-23
155.0,65,471,2027-06-18,2026-09-23
160.0,330,706,2027-06-18,2026-09-23
165.0,69,373,2027-06-18,2026-09-23
170.0,254,1014,2027-06-18,2026-09-23
175.0,2448,3134,2027-06-18,2026-09-23
180.0,448,1951,2027-06-18,2026-09-23
185.0,124,617,2027-06-18,2026-09-23
190.0,357,1045,2027-06-18,2026-09-23
195.0,364,1093,2027-06-18,2026-09-23
200.0,1996,18278,2027-06-18,2026-09-23
205.0,67,2617,2027-06-18,2026-09-23
210.0,342,1239,2027-06-18,2026-09-23
215.0,148,257,2027-06-18,2026-09-23
220.0,939,3963,2027-06-18,2026-09-23
225.0,132,592,2027-06-18,2026-09-23
230.0,1125,3716,2027-06-18,2026-09-23
235.0,110,494,2027-06-18,2026-09-23
240.0,1154,9033,2027-06-18,2026-09-23
245.0,140,870,2027-06-18,2026-09-23
250.0,1776,9496,2027-06-18,2026-09-23
255.0,177,1230,2027-06-18,2026-09-23
260.0,1111,7576,2027-06-18,2026-09-23
270.0,4444,6651,2027-06-18,2026-09-23
280.0,1191,5727,2027-06-18,2026-09-23
290.0,899,13969,2027-06-18,2026-09-23
300.0,8178,11126,2027-06-18,2026-09-23
310.0,1316,2297,2027-06-18,2026-09-23
320.0,1713,6186,2027-06-18,2026-09-23
330.0,3985,4214,2027-06-18,2026-09-23
340.0,1352,2679,2027-06-18,2026-09-23
350.0,4315,6460,2027-06-18,2026-09-23
360.0,1492,1642,2027-06-18,2026-09-23
362.53,194,194,2027-06-18,2026-09-23
370.0,2941,9053,2027-06-18,2026-09-23
380.0,7500,7500,2027-06-18,2026-09-23
380.0,2547,2201,2027-06-18,2026-09-23
390.0,2232,1985,2027-06-18,2026-09-23
400.0,8042,3741,2027-06-18,2026-09-23
410.0,2150,1585,2027-06-18,2026-09-23
420.0,3508,1299,2027-06-18,2026-09-23
430.0,3503,1694,2027-06-18,2026-09-23
440.0,2728,2023,2027-06-18,2026-09-23
450.0,5383,1198,2027-06-18,2026-09-23
460.0,1828,1170,2027-06-18,2026-09-23
470.0,5,0,2027-06-18,2026-09-23
470.0,1864,570,2027-06-18,2026-09-23
480.0,2746,505,2027-06-18,2026-09-23
490.0,1779,257,2027-06-18,2026-09-23
500.0,12110,1001,2027-06-18,2026-09-23
510.0,1623,489,2027-06-18,2026-09-23
520.0,1681,170,2027-06-18,2026-09-23
530.0,2075,196,2027-06-18,2026-09-23
540.0,1727,362,2027-06-18,2026-09-23
550.0,3943,1033,2027-06-18,2026-09-23
560.0,1814,507,2027-06-18,2026-09-23
570.0,1285,81,2027-06-18,2026-09-23
580.0,1425,235,2027-06-18,2026-09-23
590.0,760,265,2027-06-18,2026-09-23
600.0,10540,430,2027-06-18,2026-09-23
610.0,1025,147,2027-06-18,2026-09-23
620.0,2078,175,2027-06-18,2026-09-23
630.0,1286,452,2027-06-18,2026-09-23
640.0,1982,1,2027-06-18,2026-09-23
650.0,30990,0,2027-06-18,2026-09-23
660.0,10528,16,2027-06-18,2026-09-23
670.0,773,2,2027-06-18,2026-09-23
680.0,22981,0,2027-06-18,2026-09-23
690.0,1481,0,2027-06-18,2026-09-23
700.0,13224,1,2027-06-18,2026-09-23
710.0,1333,0,2027-06-18,2026-09-23
720.0,3651,0,2027-06-18,2026-09-23
730.0,1186,0,2027-06-18,2026-09-23
740.0,1656,0,2027-06-18,2026-09-23
750.0,4155,0,2027-06-18,2026-09-23
760.0,1365,0,2027-06-18,2026-09-23
770.0,729,0,2027-06-18,2026-09-23
780.0,2783,0,2027-06-18,2026-09-23
790.0,7745,0,2027-06-18,2026-09-23
800.0,15756,0,2027-06-18,2026-09-23
810.0,5062,0,2027-06-18,2026-09-23
820.0,3052,0,2027-06-18,2026-09-23
830.0,2389,1,2027-06-18,2026-09-23
840.0,2748,0,2027-06-18,2026-09-23
850.0,865,0,2027-06-18,2026-09-23
860.0,1922,0,2027-06-18,2026-09-23
870.0,348,0,2027-06-18,2026-09-23
880.0,2619,0,2027-06-18,2026-09-23
890.0,732,0,2027-06-18,2026-09-23
900.0,5508,0,2027-06-18,2026-09-23
910.0,1040,0,2027-06-18,2026-09-23
920.0,417,0,2027-06-18,2026-09-23
930.0,1874,0,2027-06-18,2026-09-23
940.0,4290,0,2027-06-18,2026-09-23
950.0,1099,0,2027-06-18,2026-09-23
960.0,2673,0,2027-06-18,2026-09-23
970.0,1203,0,2027-06-18,2026-09-23
980.0,2646,0,2027-06-18,2026-09-23
990.0,19449,0,2027-06-18,2026-09-23
100.0,491,1888,2027-09-18,2026-09-23
105.0,0,204,2027-09-18,2026-09-23
110.0,2,203,2027-09-18,2026-09-23
115.0,63,4,2027-09-18,2026-09-23
120.0,81,226,2027-09-18,2026-09-23
125.0,11,547,2027-09-18,2026-09-23
130.0,13,262,2027-09-18,2026-09-23
135.0,5,217,2027-09-18,2026-09-23
140.0,26,184,2027-09-18,2026-09-23
145.0,4,203,2027-09-18,2026-09-23
150.0,208,961,2027-09-18,2026-09-23
155.0,23,71,2027-09-18,2026-09-23
160.0,6,246,2027-09-18,2026-09-23
165.0,9,166,2027-09-18,2026-09-23
170.0,22,353,2027-09-18,2026-09-23
175.0,25,301,2027-09-18,2026-09-23
180.0,15,231,2027-09-18,2026-09-23
185.0,5,335,2027-09-18,2026-09-23
190.0,18,967,2027-09-18,2026-09-23
195.0,34,162,2027-09-18,2026-09-23
200.0,382,1108,2027-09-18,2026-09-23
210.0,66,491,2027-09-18,2026-09-23
220.0,71,193,2027-09-18,2026-09-23
230.0,91,392,2027-09-18,2026-09-23
240.0,52,777,2027-09-18,2026-09-23
250.0,156,423,2027-09-18,2026-09-23
260.0,101,445,2027-09-18,2026-09-23
270.0,92,899,2027-09-18,2026-09-23
280.0,101,987,2027-09-18,2026-09-23
290.0,124,738,2027-09-18,2026-09-23
300.0,734,3475,2027-09-18,2026-09-23
310.0,249,550,2027-09-18,2026-09-23
320.0,395,440,2027-09-18,2026-09-23
330.0,362,858,2027-09-18,2026-09-23
340.0,395,734,2027-09-18,2026-09-23
350.0,1017,1629,2027-09-18,2026-09-23
360.0,1085,689,2027-09-18,2026-09-23
370.0,2581,2781,2027-09-18,2026-09-23
380.0,403,540,2027-09-18,2026-09-23
390.0,376,336,2027-09-18,2026-09-23
400.0,1679,651,2027-09-18,2026-09-23
410.0,4047,3839,2027-09-18,2026-09-23
420.0,5014,4657,2027-09-18,2026-09-23
430.0,466,300,2027-09-18,2026-09-23
440.0,252,76,2027-09-18,2026-09-23
450.0,1079,443,2027-09-18,2026-09-23
460.0,293,17,2027-09-18,2026-09-23
470.0,234,100,2027-09-18,2026-09-23
480.0,355,26,2027-09-18,2026-09-23
490.0,155,21,2027-09-18,2026-09-23
500.0,1084,189,2027-09-18,2026-09-23
510.0,193,55,2027-09-18,2026-09-23
520.0,491,116,2027-09-18,2026-09-23
530.0,223,2,2027-09-18,2026-09-23
540.0,121,112,2027-09-18,2026-09-23
550.0,609,229,2027-09-18,2026-09-23
560.0,192,4,2027-09-18,2026-09-23
570.0,186,4,2027-09-18,2026-09-23
580.0,163,30,2027-09-18,2026-09-23
590.0,199,17,2027-09-18,2026-09-23
600.0,1273,42,2027-09-18,2026-09-23
610.0,145,4,2027-09-18,2026-09-23
620.0,163,4,2027-09-18,2026-09-23
630.0,153,1,2027-09-18,2026-09-23
640.0,93,5,2027-09-18,2026-09-23
650.0,390,9,2027-09-18,2026-09-23
660.0,86,1,2027-09-18,2026-09-23
670.0,115,0,2027-09-18,2026-09-23
680.0,74,1,2027-09-18,2026-09-23
690.0,47,0,2027-09-18,2026-09-23
700.0,354,1,2027-09-18,2026-09-23
710.0,87,5,2027-09-18,2026-09-23
720.0,201,0,2027-09-18,2026-09-23
730.0,166,0,2027-09-18,2026-09-23
740.0,157,0,2027-09-18,2026-09-23
750.0,457,1,2027-09-18,2026-09-23
760.0,173,0,2027-09-18,2026-09-23
770.0,319,0,2027-09-18,2026-09-23
780.0,608,0,2027-09-18,2026-09-23
790.0,529,0,2027-09-18,2026-09-23
800.0,905,0,2027-09-18,2026-09-23
810.0,142,0,2027-09-18,2026-09-23
820.0,42,0,2027-09-18,2026-09-23
830.0,150,0,2027-09-18,2026-09-23
840.0,81,0,2027-09-18,2026-09-23
850.0,244,0,2027-09-18,2026-09-23
860.0,133,0,2027-09-18,2026-09-23
870.0,77,0,2027-09-18,2026-09-23
880.0,464,0,2027-09-18,2026-09-23
5.0,40245,8675,2027-12-18,2026-09-23
10.0,3303,2508,2027-12-18,2026-09-23
15.0,586,1601,2027-12-18,2026-09-23
20.0,134,2947,2027-12-18,2026-09-23
25.0,2088,1647,2027-12-18,2026-09-23
30.0,4782,1604,2027-12-18,2026-09-23
35.0,931,2484,2027-12-18,2026-09-23
40.0,56,636,2027-12-18,2026-09-23
45.0,43,282,2027-12-18,2026-09-23
50.0,2406,997,2027-12-18,2026-09-23
55.0,46,216,2027-12-18,2026-09-23
60.0,2568,492,2027-12-18,2026-09-23
65.0,55,131,2027-12-18,2026-09-23
70.0,72,219,2027-12-18,2026-09-23
75.0,1617,1318,2027-12-18,2026-09-23
80.0,441,349,2027-12-18,2026-09-23
85.0,1221,533,2027-12-18,2026-09-23
90.0,363,622,2027-12-18,2026-09-23
95.0,366,366,2027-12-18,2026-09-23
100.0,1904,3290,2027-12-18,2026-09-23
105.0,321,324,2027-12-18,2026-09-23
110.0,172,1296,2027-12-18,2026-09-23
115.0,92,191,2027-12-18,2026-09-23
120.0,327,764,2027-12-18,2026-09-23
125.0,1517,1248,2027-12-18,2026-09-23
130.0,124,333,2027-12-18,2026-09-23
135.0,2203,288,2027-12-18,2026-09-23
140.0,250,359,2027-12-18,2026-09-23
145.0,215,407,2027-12-18,2026-09-23
150.0,3086,10941,2027-12-18,2026-09-23
155.0,49,707,2027-12-18,2026-09-23
160.0,186,3626,2027-12-18,2026-09-23
165.0,198,5586,2027-12-18,2026-09-23
170.0,97,4622,2027-12-18,2026-09-23
175.0,3732,3795,2027-12-18,2026-09-23
180.0,601,1167,2027-12-18,2026-09-23
185.0,152,629,2027-12-18,2026-09-23
190.0,556,1802,2027-12-18,2026-09-23
195.0,108,331,2027-12-18,2026-09-23
200.0,0,10,2027-12-18,2026-09-23
200.0,1754,7357,2027-12-18,2026-09-23
210.0,603,1384,2027-12-18,2026-09-23
220.0,1165,11559,2027-12-18,2026-09-23
230.0,620,4167,2027-12-18,2026-09-23
240.0,1346,1619,2027-12-18,2026-09-23
250.0,4387,9309,2027-12-18,2026-09-23
260.0,682,1619,2027-12-18,2026-09-23
270.0,1474,1567,2027-12-18,2026-09-23
280.0,799,6786,2027-12-18,2026-09-23
290.0,1943,6141,2027-12-18,2026-09-23
300.0,5430,9837,2027-12-18,2026-09-23
310.0,1519,1881,2027-12-18,2026-09-23
320.0,1052,5044,2027-12-18,2026-09-23
330.0,1316,2908,2027-12-18,2026-09-23
340.0,1103,2406,2027-12-18,2026-09-23
350.0,5856,6237,2027-12-18,2026-09-23
360.0,1287,1801,2027-12-18,2026-09-23
369.63,179,179,2027-12-18,2026-09-23
370.0,3539,1997,2027-12-18,2026-09-23
380.0,718,1022,2027-12-18,2026-09-23
390.0,856,1004,2027-12-18,2026-09-23
400.0,6422,7088,2027-12-18,2026-09-23
410.0,1313,1738,2027-12-18,2026-09-23
420.0,1105,3928,2027-12-18,2026-09-23
430.0,2149,1329,2027-12-18,2026-09-23
440.0,1054,1517,2027-12-18,2026-09-23
450.0,6210,2823,2027-12-18,2026-09-23
460.0,2309,1059,2027-12-18,2026-09-23
470.0,1313,406,2027-12-18,2026-09-23
480.0,7056,1119,2027-12-18,2026-09-23
490.0,543,5413,2027-12-18,2026-09-23
500.0,8933,1016,2027-12-18,2026-09-23
510.0,1454,789,2027-12-18,2026-09-23
520.0,869,299,2027-12-18,2026-09-23
530.0,1524,202,2027-12-18,2026-09-23
540.0,523,245,2027-12-18,2026-09-23
550.0,1501,404,2027-12-18,2026-09-23
560.0,522,191,2027-12-18,2026-09-23
570.0,396,142,2027-12-18,2026-09-23
580.0,353,218,2027-12-18,2026-09-23
590.0,511,147,2027-12-18,2026-09-23
600.0,7939,718,2027-12-18,2026-09-23
610.0,522,116,2027-12-18,2026-09-23
620.0,3154,442,2027-12-18,2026-09-23
630.0,795,183,2027-12-18,2026-09-23
640.0,464,241,2027-12-18,2026-09-23
650.0,5708,275,2027-12-18,2026-09-23
660.0,1079,576,2027-12-18,2026-09-23
670.0,554,124,2027-12-18,2026-09-23
680.0,548,158,2027-12-18,2026-09-23
690.0,1072,162,2027-12-18,2026-09-23
700.0,9102,231,2027-12-18,2026-09-23
710.0,345,1,2027-12-18,2026-09-23
720.0,336,0,2027-12-18,2026-09-23
730.0,987,0,2027-12-18,2026-09-23
740.0,204,0,2027-12-18,2026-09-23
750.0,885,0,2027-12-18,2026-09-23
760.0,303,0,2027-12-18,2026-09-23
770.0,309,0,2027-12-18,2026-09-23
780.0,1566,0,2027-12-18,2026-09-23
790.0,936,0,2027-12-18,2026-09-23
800.0,3276,0,2027-12-18,2026-09-23
810.0,219,0,2027-12-18,2026-09-23
820.0,2408,0,2027-12-18,2026-09-23
830.0,180,0,2027-12-18,2026-09-23
840.0,413,0,2027-12-18,2026-09-23
850.0,1014,0,2027-12-18,2026-09-23
860.0,547,0,2027-12-18,2026-09-23
870.0,379,0,2027-12-18,2026-09-23
880.0,356,0,2027-12-18,2026-09-23
890.0,1287,0,2027-12-18,2026-09-23
900.0,4136,0,2027-12-18,2026-09-23
910.0,706,0,2027-12-18,2026-09-23
920.0,781,0,2027-12-18,2026-09-23
930.0,1639,0,2027-12-18,2026-09-23
940.0,1766,0,2027-12-18,2026-09-23
950.0,1225,0,2027-12-18,2026-09-23
960.0,497,0,2027-12-18,2026-09-23
970.0,390,0,2027-12-18,2026-09-23
980.0,1033,0,2027-12-18,2026-09-23
990.0,3766,0,2027-12-18,2026-09-23
5.0,5982,3053,2028-01-22,2026-09-23
10.0,214,438,2028-01-22,2026-09-23
15.0,8,50,2028-01-22,2026-09-23
20.0,16,469,2028-01-22,2026-09-23
25.0,40,422,2028-01-22,2026-09-23
30.0,51,228,2028-01-22,2026-09-23
35.0,12,412,2028-01-22,2026-09-23
40.0,53,613,2028-01-22,2026-09-23
45.0,20,68,2028-01-22,2026-09-23
50.0,193,2191,2028-01-22,2026-09-23
60.0,356,295,2028-01-22,2026-09-23
70.0,5,387,2028-01-22,2026-09-23
80.0,7,279,2028-01-22,2026-09-23
90.0,6,132,2028-01-22,2026-09-23
100.0,1694,2908,2028-01-22,2026-09-23
110.0,51,755,2028-01-22,2026-09-23
120.0,65,633,2028-01-22,2026-09-23
130.0,98,629,2028-01-22,2026-09-23
140.0,343,265,2028-01-22,2026-09-23
150.0,106,817,2028-01-22,2026-09-23
155.0,2,12,2028-01-22,2026-09-23
160.0,95,1697,2028-01-22,2026-09-23
165.0,0,8,2028-01-22,2026-09-23
170.0,155,441,2028-01-22,2026-09-23
175.0,40,75,2028-01-22,2026-09-23
180.0,117,847,2028-01-22,2026-09-23
185.0,33,63,2028-01-22,2026-09-23
190.0,43,547,2028-01-22,2026-09-23
195.0,45,258,2028-01-22,2026-09-23
200.0,681,4627,2028-01-22,2026-09-23
210.0,60,804,2028-01-22,2026-09-23
220.0,170,1070,2028-01-22,2026-09-23
230.0,122,768,2028-01-22,2026-09-23
240.0,265,960,2028-01-22,2026-09-23
250.0,1116,5936,2028-01-22,2026-09-23
260.0,137,1186,2028-01-22,2026-09-23
270.0,165,1469,2028-01-22,2026-09-23
280.0,452,1945,2028-01-22,2026-09-23
290.0,2078,2039,2028-01-22,2026-09-23
300.0,4799,8906,2028-01-22,2026-09-23
310.0,436,1450,2028-01-22,2026-09-23
320.0,1243,3280,2028-01-22,2026-09-23
330.0,1459,2654,2028-01-22,2026-09-23
340.0,517,1085,2028-01-22,2026-09-23
350.0,2914,4623,2028-01-22,2026-09-23
360.0,649,1446,2028-01-22,2026-09-23
370.0,573,3927,2028-01-22,2026-09-23
380.0,1361,1294,2028-01-22,2026-09-23
390.0,688,906,2028-01-22,2026-09-23
400.0,5898,3265,2028-01-22,2026-09-23
410.0,874,729,2028-01-22,2026-09-23
420.0,2276,2924,2028-01-22,2026-09-23
430.0,1398,1447,2028-01-22,2026-09-23
440.0,1217,806,2028-01-22,2026-09-23
450.0,3458,3188,2028-01-22,2026-09-23
460.0,1032,569,2028-01-22,2026-09-23
470.0,775,848,2028-01-22,2026-09-23
480.0,1536,515,2028-01-22,2026-09-23
490.0,975,798,2028-01-22,2026-09-23
500.0,7877,4439,2028-01-22,2026-09-23
510.0,3566,1268,2028-01-22,2026-09-23
520.0,2006,751,2028-01-22,2026-09-23
530.0,539,448,2028-01-22,2026-09-23
540.0,671,146,2028-01-22,2026-09-23
550.0,2460,312,2028-01-22,2026-09-23
560.0,526,115,2028-01-22,2026-09-23
570.0,1730,71,2028-01-22,2026-09-23
580.0,594,133,2028-01-22,2026-09-23
590.0,536,195,2028-01-22,2026-09-23
600.0,3815,2072,2028-01-22,2026-09-23
610.0,937,34,2028-01-22,2026-09-23
620.0,350,58,2028-01-22,2026-09-23
630.0,682,70,2028-01-22,2026-09-23
640.0,576,29,2028-01-22,2026-09-23
650.0,1466,288,2028-01-22,2026-09-23
660.0,484,175,2028-01-22,2026-09-23
670.0,633,211,2028-01-22,2026-09-23
680.0,697,143,2028-01-22,2026-09-23
690.0,1290,42,2028-01-22,2026-09-23
700.0,4602,156,2028-01-22,2026-09-23
710.0,545,53,2028-01-22,2026-09-23
720.0,848,0,2028-01-22,2026-09-23
730.0,2440,0,2028-01-22,2026-09-23
740.0,1931,0,2028-01-22,2026-09-23
750.0,2074,7,2028-01-22,2026-09-23
760.0,523,0,2028-01-22,2026-09-23
770.0,368,0,2028-01-22,2026-09-23
780.0,382,0,2028-01-22,2026-09-23
790.0,4138,0,2028-01-22,2026-09-23
800.0,7443,2,2028-01-22,2026-09-23
810.0,2269,0,2028-01-22,2026-09-23
820.0,317,0,2028-01-22,2026-09-23
830.0,2141,0,2028-01-22,2026-09-23
840.0,1749,0,2028-01-22,2026-09-23
850.0,6009,0,2028-01-22,2026-09-23
860.0,378,0,2028-01-22,2026-09-23
870.0,215,0,2028-01-22,2026-09-23
880.0,928,0,2028-01-22,2026-09-23
890.0,1292,0,2028-01-22,2026-09-23
900.0,5958,0,2028-01-22,2026-09-23
910.0,1215,0,2028-01-22,2026-09-23
920.0,1566,0,2028-01-22,2026-09-23
930.0,1540,0,2028-01-22,2026-09-23
940.0,5097,0,2028-01-22,2026-09-23
950.0,2286,0,2028-01-22,2026-09-23
960.0,475,0,2028-01-22,2026-09-23
970.0,780,0,2028-01-22,2026-09-23
980.0,724,0,2028-01-22,2026-09-23
990.0,6417,0,2028-01-22,2026-09-23
5.0,2520,1821,2028-06-17,2026-09-23
10.0,67,334,2028-06-17,2026-09-23
15.0,29,20,2028-06-17,2026-09-23
20.0,9,41,2028-06-17,2026-09-23
25.0,8,243,2028-06-17,2026-09-23
30.0,93,306,2028-06-17,2026-09-23
35.0,9,171,2028-06-17,2026-09-23
40.0,6,159,2028-06-17,2026-09-23
45.0,15,98,2028-06-17,2026-09-23
50.0,20,387,2028-06-17,2026-09-23
55.0,172,65,2028-06-17,2026-09-23
60.0,283,47,2028-06-17,2026-09-23
65.0,489,125,2028-06-17,2026-09-23
70.0,2,279,2028-06-17,2026-09-23
75.0,1,70,2028-06-17,2026-09-23
80.0,0,86,2028-06-17,2026-09-23
85.0,28,137,2028-06-17,2026-09-23
90.0,100,149,2028-06-17,2026-09-23
95.0,50,239,2028-06-17,2026-09-23
100.0,203,673,2028-06-17,2026-09-23
110.0,17,153,2028-06-17,2026-09-23
120.0,24,73,2028-06-17,2026-09-23
130.0,324,263,2028-06-17,2026-09-23
140.0,27,151,2028-06-17,2026-09-23
150.0,63,499,2028-06-17,2026-09-23
155.0,0,95,2028-06-17,2026-09-23
160.0,35,522,2028-06-17,2026-09-23
165.0,0,57,2028-06-17,2026-09-23
170.0,86,97,2028-06-17,2026-09-23
175.0,4,15,2028-06-17,2026-09-23
180.0,107,515,2028-06-17,2026-09-23
185.0,34,130,2028-06-17,2026-09-23
190.0,86,79,2028-06-17,2026-09-23
195.0,56,32,2028-06-17,2026-09-23
200.0,217,1452,2028-06-17,2026-09-23
210.0,72,962,2028-06-17,2026-09-23
220.0,70,468,2028-06-17,2026-09-23
230.0,93,495,2028-06-17,2026-09-23
240.0,102,693,2028-06-17,2026-09-23
250.0,311,1711,2028-06-17,2026-09-23
260.0,149,540,2028-06-17,2026-09-23
270.0,167,708,2028-06-17,2026-09-23
280.0,124,962,2028-06-17,2026-09-23
290.0,207,1059,2028-06-17,2026-09-23
300.0,783,1911,2028-06-17,2026-09-23
310.0,174,820,2028-06-17,2026-09-23
320.0,384,1495,2028-06-17,2026-09-23
330.0,479,318,2028-06-17,2026-09-23
340.0,455,688,2028-06-17,2026-09-23
350.0,873,1519,2028-06-17,2026-09-23
360.0,602,989,2028-06-17,2026-09-23
370.0,696,457,2028-06-17,2026-09-23
380.0,532,1270,2028-06-17,2026-09-23
390.0,317,373,2028-06-17,2026-09-23
400.0,1854,1952,2028-06-17,2026-09-23
410.0,1111,327,2028-06-17,2026-09-23
420.0,444,281,2028-06-17,2026-09-23
430.0,447,363,2028-06-17,2026-09-23
440.0,415,464,2028-06-17,2026-09-23
450.0,1742,805,2028-06-17,2026-09-23
460.0,702,460,2028-06-17,2026-09-23
470.0,347,260,2028-06-17,2026-09-23
480.0,741,186,2028-06-17,2026-09-23
490.0,512,576,2028-06-17,2026-09-23
500.0,3677,791,2028-06-17,2026-09-23
510.0,520,148,2028-06-17,2026-09-23
520.0,627,282,2028-06-17,2026-09-23
530.0,521,2196,2028-06-17,2026-09-23
540.0,338,245,2028-06-17,2026-09-23
550.0,1337,664,2028-06-17,2026-09-23
560.0,298,177,2028-06-17,2026-09-23
570.0,522,216,2028-06-17,2026-09-23
580.0,387,185,2028-06-17,2026-09-23
590.0,297,127,2028-06-17,2026-09-23
600.0,1977,325,2028-06-17,2026-09-23
610.0,480,98,2028-06-17,2026-09-23
620.0,945,104,2028-06-17,2026-09-23
630.0,438,56,2028-06-17,2026-09-23
640.0,291,56,2028-06-17,2026-09-23
650.0,529,197,2028-06-17,2026-09-23
660.0,363,279,2028-06-17,2026-09-23
670.0,376,69,2028-06-17,2026-09-23
680.0,928,63,2028-06-17,2026-09-23
690.0,753,30,2028-06-17,2026-09-23
700.0,1276,200,2028-06-17,2026-09-23
710.0,650,404,2028-06-17,2026-09-23
720.0,513,251,2028-06-17,2026-09-23
730.0,762,148,2028-06-17,2026-09-23
740.0,363,172,2028-06-17,2026-09-23
750.0,3288,64,2028-06-17,2026-09-23
760.0,2405,0,2028-06-17,2026-09-23
770.0,2161,0,2028-06-17,2026-09-23
780.0,742,0,2028-06-17,2026-09-23
790.0,671,0,2028-06-17,2026-09-23
800.0,2394,0,2028-06-17,2026-09-23
810.0,140,0,2028-06-17,2026-09-23
820.0,2407,0,2028-06-17,2026-09-23
830.0,2844,0,2028-06-17,2026-09-23
840.0,417,0,2028-06-17,2026-09-23
850.0,1160,0,2028-06-17,2026-09-23
860.0,545,0,2028-06-17,2026-09-23
870.0,102,0,2028-06-17,2026-09-23
880.0,803,0,2028-06-17,2026-09-23
890.0,733,0,2028-06-17,2026-09-23
900.0,1146,0,2028-06-17,2026-09-23
910.0,1081,0,2028-06-17,2026-09-23
920.0,739,0,2028-06-17,2026-09-23
930.0,457,0,2028-06-17,2026-09-23
940.0,577,0,2028-06-17,2026-09-23
950.0,1447,0,2028-06-17,2026-09-23
960.0,557,0,2028-06-17,2026-09-23
970.0,227,0,2028-06-17,2026-09-23
980.0,1192,0,2028-06-17,2026-09-23
990.0,6899,0,2028-06-17,2026-09-23
5.0,8317,4792,2028-12-16,2026-09-23
10.0,17,292,2028-12-16,2026-09-23
15.0,1,1074,2028-12-16,2026-09-23
20.0,24,216,2028-12-16,2026-09-23
25.0,30,421,2028-12-16,2026-09-23
30.0,0,409,2028-12-16,2026-09-23
35.0,7,377,2028-12-16,2026-09-23
40.0,11,316,2028-12-16,2026-09-23
45.0,54,71,2028-12-16,2026-09-23
50.0,49,1565,2028-12-16,2026-09-23
60.0,14,1861,2028-12-16,2026-09-23
70.0,26,136,2028-12-16,2026-09-23
80.0,34,293,2028-12-16,2026-09-23
90.0,23,262,2028-12-16,2026-09-23
100.0,1373,3477,2028-12-16,2026-09-23
110.0,116,433,2028-12-16,2026-09-23
120.0,90,473,2028-12-16,2026-09-23
130.0,60,430,2028-12-16,2026-09-23
140.0,226,433,2028-12-16,2026-09-23
150.0,945,2321,2028-12-16,2026-09-23
155.0,13,60,2028-12-16,2026-09-23
160.0,170,625,2028-12-16,2026-09-23
165.0,27,24,2028-12-16,2026-09-23
170.0,105,826,2028-12-16,2026-09-23
175.0,146,8224,2028-12-16,2026-09-23
180.0,309,783,2028-12-16,2026-09-23
185.0,54,94,2028-12-16,2026-09-23
190.0,163,225,2028-12-16,2026-09-23
195.0,112,199,2028-12-16,2026-09-23
200.0,3233,6346,2028-12-16,2026-09-23
210.0,165,1814,2028-12-16,2026-09-23
220.0,212,944,2028-12-16,2026-09-23
230.0,143,2977,2028-12-16,2026-09-23
240.0,284,1843,2028-12-16,2026-09-23
250.0,1034,11956,2028-12-16,2026-09-23
260.0,376,3112,2028-12-16,2026-09-23
270.0,0,25,2028-12-16,2026-09-23
270.0,391,2145,2028-12-16,2026-09-23
280.0,406,4298,2028-12-16,2026-09-23
290.0,354,2702,2028-12-16,2026-09-23
300.0,6189,6876,2028-12-16,2026-09-23
310.0,1049,4048,2028-12-16,2026-09-23
320.0,1401,4140,2028-12-16,2026-09-23
330.0,988,1450,2028-12-16,2026-09-23
340.0,9431,2077,2028-12-16,2026-09-23
350.0,3511,3806,2028-12-16,2026-09-23
360.0,1027,1655,2028-12-16,2026-09-23
370.0,1007,1216,2028-12-16,2026-09-23
380.0,3473,1583,2028-12-16,2026-09-23
390.0,1574,2337,2028-12-16,2026-09-23
400.0,8789,3157,2028-12-16,2026-09-23
410.0,502,1870,2028-12-16,2026-09-23
420.0,1464,1100,2028-12-16,2026-09-23
430.0,857,749,2028-12-16,2026-09-23
440.0,1342,784,2028-12-16,2026-09-23
450.0,7463,1712,2028-12-16,2026-09-23
460.0,497,421,2028-12-16,2026-09-23
470.0,616,394,2028-12-16,2026-09-23
480.0,777,364,2028-12-16,2026-09-23
490.0,1203,2137,2028-12-16,2026-09-23
500.0,5718,5629,2028-12-16,2026-09-23
510.0,1125,437,2028-12-16,2026-09-23
520.0,759,8561,2028-12-16,2026-09-23
530.0,1330,139,2028-12-16,2026-09-23
540.0,631,147,2028-12-16,2026-09-23
550.0,1101,1086,2028-12-16,2026-09-23
560.0,6149,365,2028-12-16,2026-09-23
570.0,508,1539,2028-12-16,2026-09-23
580.0,676,318,2028-12-16,2026-09-23
590.0,863,82,2028-12-16,2026-09-23
600.0,11935,10444,2028-12-16,2026-09-23
610.0,407,4974,2028-12-16,2026-09-23
620.0,822,3834,2028-12-16,2026-09-23
630.0,1027,5321,2028-12-16,2026-09-23
640.0,583,6036,2028-12-16,2026-09-23
650.0,2647,37,2028-12-16,2026-09-23
660.0,788,20,2028-12-16,2026-09-23
670.0,733,77,2028-12-16,2026-09-23
680.0,25,0,2028-12-16,2026-09-23
680.0,760,147,2028-12-16,2026-09-23
690.0,620,72,2028-12-16,2026-09-23
700.0,2846,175,2028-12-16,2026-09-23
710.0,592,84,2028-12-16,2026-09-23
720.0,3282,76,2028-12-16,2026-09-23
730.0,262,130,2028-12-16,2026-09-23
740.0,370,161,2028-12-16,2026-09-23
750.0,3004,175,2028-12-16,2026-09-23
760.0,699,248,2028-12-16,2026-09-23
770.0,559,1,2028-12-16,2026-09-23
780.0,558,17,2028-12-16,2026-09-23
790.0,1267,2,2028-12-16,2026-09-23
800.0,21169,8,2028-12-16,2026-09-23
810.0,449,43,2028-12-16,2026-09-23
820.0,561,1,2028-12-16,2026-09-23
830.0,237,0,2028-12-16,2026-09-23
840.0,494,0,2028-12-16,2026-09-23
850.0,1475,1,2028-12-16,2026-09-23
860.0,2267,0,2028-12-16,2026-09-23
870.0,12051,0,2028-12-16,2026-09-23
880.0,195,0,2028-12-16,2026-09-23
890.0,390,0,2028-12-16,2026-09-23
900.0,5038,5,2028-12-16,2026-09-23
325.0,0,0,2029-01-10,2026-09-23
5.0,132,1,2029-01-20,2026-09-23
10.0,0,0,2029-01-20,2026-09-23
15.0,0,0,2029-01-20,2026-09-23
20.0,0,0,2029-01-20,2026-09-23
25.0,0,0,2029-01-20,2026-09-23
30.0,0,0,2029-01-20,2026-09-23
35.0,0,0,2029-01-20,2026-09-23
40.0,0,0,2029-01-20,2026-09-23
45.0,0,0,2029-01-20,2026-09-23
50.0,0,0,2029-01-20,2026-09-23
60.0,1,0,2029-01-20,2026-09-23
70.0,0,16,2029-01-20,2026-09-23
80.0,1,0,2029-01-20,2026-09-23
90.0,0,0,2029-01-20,2026-09-23
100.0,8,18,2029-01-20,2026-09-23
110.0,0,6,2029-01-20,2026-09-23
120.0,0,26,2029-01-20,2026-09-23
130.0,0,213,2029-01-20,2026-09-23
140.0,0,0,2029-01-20,2026-09-23
150.0,0,53,2029-01-20,2026-09-23
155.0,0,2,2029-01-20,2026-09-23
160.0,0,1,2029-01-20,2026-09-23
165.0,0,32,2029-01-20,2026-09-23
170.0,6,20,2029-01-20,2026-09-23
175.0,1,0,2029-01-20,2026-09-23
180.0,5,27,2029-01-20,2026-09-23
185.0,0,0,2029-01-20,2026-09-23
190.0,10,2,2029-01-20,2026-09-23
195.0,0,9,2029-01-20,2026-09-23
200.0,16,12,2029-01-20,2026-09-23
210.0,11,5,2029-01-20,2026-09-23
220.0,1,26,2029-01-20,2026-09-23
230.0,5,121,2029-01-20,2026-09-23
240.0,1,65,2029-01-20,2026-09-23
250.0,12,68,2029-01-20,2026-09-23
260.0,1,21,2029-01-20,2026-09-23
270.0,17,128,2029-01-20,2026-09-23
280.0,8,145,2029-01-20,2026-09-23
290.0,2,244,2029-01-20,2026-09-23
300.0,59,115,2029-01-20,2026-09-23
310.0,9,19,2029-01-20,2026-09-23
320.0,16,75,2029-01-20,2026-09-23
325.0,40,40,2029-01-20,2026-09-23
330.0,17,260,2029-01-20,2026-09-23
340.0,64,219,2029-01-20,2026-09-23
350.0,204,50,2029-01-20,2026-09-23
360.0,41,30,2029-01-20,2026-09-23
370.0,73,44,2029-01-20,2026-09-23
380.0,49,9,2029-01-20,2026-09-23
390.0,93,44,2029-01-20,2026-09-23
400.0,88,17,2029-01-20,2026-09-23
410.0,70,70,2029-01-20,2026-09-23
420.0,64,27,2029-01-20,2026-09-23
430.0,11,2,2029-01-20,2026-09-23
440.0,14,6,2029-01-20,2026-09-23
450.0,128,1,2029-01-20,2026-09-23
460.0,67,0,2029-01-20,2026-09-23
470.0,35,1,2029-01-20,2026-09-23
480.0,2,0,2029-01-20,2026-09-23
490.0,8,0,2029-01-20,2026-09-23
500.0,159,1,2029-01-20,2026-09-23
510.0,20,0,2029-01-20,2026-09-23
520.0,1,2,2029-01-20,2026-09-23
530.0,71,2,2029-01-20,2026-09-23
540.0,0,0,2029-01-20,2026-09-23
550.0,17,1,2029-01-20,2026-09-23
560.0,83,0,2029-01-20,2026-09-23
570.0,1,0,2029-01-20,2026-09-23
580.0,5,0,2029-01-20,2026-09-23
590.0,8,0,2029-01-20,2026-09-23
600.0,126,100,2029-01-20,2026-09-23
610.0,3,0,2029-01-20,2026-09-23
620.0,18,0,2029-01-20,2026-09-23
630.0,11,0,2029-01-20,2026-09-23
640.0,2,0,2029-01-20,2026-09-23
650.0,64,0,2029-01-20,2026-09-23
660.0,31,0,2029-01-20,2026-09-23
670.0,9,15,2029-01-20,2026-09-23
680.0,12,0,2029-01-20,2026-09-23
690.0,7,0,2029-01-20,2026-09-23
700.0,112,0,2029-01-20,2026-09-23
710.0,109,0,2029-01-20,2026-09-23
720.0,108,0,2029-01-20,2026-09-23
730.0,55,1,2029-01-20,2026-09-23
403.64,90,90,2029-12-22,2026-09-23
275.0,0,62,2030-01-19,2026-09-23
510.0,78,0,2030-01-19,2026-09-23
800.0,378,0,2031-06-21,2026-09-23
