Date,Symbol,Price,Volume,IV,-100.0,-50.0,-20.0,0.0,20.0,50.0,100.0
2026-09-30,SPCX,150.86000061035156,79150750,45.11,-290884297.1817815,-192685668.2413668,-88789392.17878814,34783517.74386435,73720182.40649828,134611380.2796856,181260230.69270244
2026-09-29,SPCX,149.24000549316406,79711331,45.69,-275869453.9733137,-182323138.67550865,-82995610.05589283,27171034.72708867,71009774.45186837,132198722.66883434,179199435.28635165
2026-09-28,SPCX,145.47000122070312,81663371,44.9,-257532915.44005767,-174195209.47048783,-78871452.88831258,10310580.542603144,70639109.69727486,135171310.89776865,185236724.39404297
2026-09-25,SPCX,148.67999267578125,54270159,45.79,-280725747.14877653,-187802632.9116932,-86651716.19893512,23829592.81164981,78941216.02463922,146352921.2777474,194120254.1194641
2026-09-24,SPCX,148.02999877929688,72496135,48.58,-273187002.04349566,-179646209.60773143,-80853132.5127837,20150196.69717312,75499767.07684109,141979103.87293178,189520681.12804684
2026-09-23,SPCX,148.36000061035156,60046138,48.11,-268243307.36008105,-174984578.61717743,-77401328.97897765,21063934.76881735,70054317.11674836,136244037.41806412,183084828.31203425
2026-09-22,SPCX,154.72000122070312,57913337,49.7,-285426925.2736533,-178307620.9625761,-76628540.23308448,43968246.472478345,62869822.49845539,118962083.89274634,160069877.58506066
2026-09-21,SPCX,151.85000610351562,81390650,48.45,-270643346.5477225,-171885067.99862856,-74718826.75426637,33916810.22753324,60064205.86448918,115907347.45719153,158080495.6068036
2026-09-18,SPCX,152.7100067138672,335217990,49.24,-355545617.7041963,-242512480.7330519,-126757334.18388402,50557617.25384944,94567486.78523488,158338491.42827085,213243699.4829088
2026-09-17,SPCX,154.80999755859375,83395289,51.94,-347666975.711599,-231512262.5228749,-116337732.82926916,66519930.20163587,82647637.52291149,141179293.8411534,191424958.87247303
